priority,result,subject,id,scientific_name,current_level,ncsu_status,url,tags
P0,conflict_possible_false_safe,human,AAA0075,Allium tuberosum,0,toxic,https://plants.ces.ncsu.edu/plants/allium-tuberosum/,bulb; container; cool-season-vegetable; cream-flowers; deer-resistant; drought-tolerant; early-summer-flowers; easy-edibles; edible; herbaceous-perennial; landscape-plant-sleuths-course; mass-planting; poisonous; pollinator-plant; rock-gardens; showy-flowers; summer-flowers; vegetable-garden; weedy; white-flowers; yellow-flowers
P0,conflict_possible_false_safe,dog,AAA0090,Aloysia citriodora,0,toxic,https://plants.ces.ncsu.edu/plants/aloysia-citriodora/,container; edible-flowers; edible-garden; edible-leaves; fragrant-flowers; fragrant-leaves; full-sun; lavender; patio; problem-for-cats; problem-for-dogs; problem-for-horses; sensory-garden; summer-flowers; walkway
P0,conflict_possible_false_safe,human,AAA0382,Crassula perforata,0,toxic,https://plants.ces.ncsu.edu/plants/crassula-perforata/,border; clumping; contact-dermatitis; container; deer-resistant; drought-tolerant; dry-soils-tolerant; erect; hanging-baskets; herbaceous-perennial; houseplant; patio; poisonous-if-ingested; problem-for-cats; problem-for-children; problem-for-dogs; problem-for-horses; prostrate; rock-gardens; succulent; th-touch; yellow-flowers
P0,conflict_possible_false_safe,human,AAA0437,Dianthus barbatus,0,toxic,https://plants.ces.ncsu.edu/plants/dianthus-barbatus/,annual-flowers; bee-friendly; bicolor; biennial; butterfly-friendly; colorful; cottage-garden; cutting-garden; dense-growth; fragrant-flowers; full-sun; heat-tolerant; hs302; humidity-tolerant; hummingbirds; loamy-soils-tolerant; moist-soil; neutral-ph; organic-soils; part-shade; pink-flowers; poisonous; pollinator-plant; problem-for-cats; problem-for-dogs; problem-for-horses; purple-flowers; rabbit-resistant; red-flowers; rounded; short-lived; showy-flowers; upright; well-drained-soil; white-flowers
P0,conflict_possible_false_safe,human,AAA0439,Dianthus chinensis,0,toxic,https://plants.ces.ncsu.edu/plants/dianthus-chinensis/,annual_1; asian-garden; bee-friendly; biennial; borders; butterfly-friendly; clay-soils-tolerant; clumping; container; cottage-garden; deer-resistant; drought-tolerant; dry-soils-tolerant; edging; fall-interest; fantz; fringed-flowers; full-sun; herb-garden; herbaceous-perennial; hs302; hummingbirds; low-growing; medicinal; mounding; neutral-ph; part-shade; pink-flowers; poisonous; problem-for-cats; problem-for-dogs; problem-for-horses; rabbit-resistant; sandy-soils-tolerant; small-spaces; spring-interest; summer-flowers; upright; well-drained-soil; white-flowers
P0,conflict_possible_false_safe,human,AAA0440,Dianthus deltoides,0,toxic,https://plants.ces.ncsu.edu/plants/dianthus-deltoides/,alkaline-soil-tolerant; bicolor; biennial; border-front; borders; clumping; container; cottage-garden; deer-resistant; drought-tolerant; dry-soils-tolerant; easy-to-grow; edging; evergreen-groundcover; fragrant-flowers; fringed-flowers; garden-walls; groundcover; low-maintenance; mat-forming; mounding; patio; pink-flowers; poisonous; poor-soil-tolerant; problem-for-cats; problem-for-dogs; problem-for-horses; purple-flowers; rabbit-resistant; rock-gardens; rocky-soils-tolerant; sandy-soils-tolerant; self-seeding_1; short-lived; showy-flowers; slopes; small-spaces; spreading; spring-flowers; well-drained-soil
P0,conflict_possible_false_safe,human,AAA0441,Dianthus gratianopolitanus,0,toxic,https://plants.ces.ncsu.edu/plants/dianthus-gratianopolitanus/,alkaline-soil-tolerant; bee-friendly; border-front; butterfly-friendly; clumping; container; cottage-garden; deer-resistant; dense-growth; drought-tolerant; dry-soils-tolerant; edging; fringed-flowers; garden-walls; grass-like; groundcover; herbaceous-perennial; hs304; humidity-tolerant; mat-forming; moth-friendly; moths; mounding; neutral-ph; poisonous; pollinator-plant; problem-for-cats; problem-for-dogs; problem-for-horses; rabbit-resistant; rock-gardens; salt-tolerant; sandy-soils-tolerant; slopes; small-spaces; spreading; well-drained-soil; winter-interest
P0,conflict_possible_false_safe,human,AAA0462,Dracaena sanderiana,0,toxic,https://plants.ces.ncsu.edu/plants/dracaena-sanderiana/,bamboo; container; houseplant; interiorscape; poisonous-if-ingested; problem-for-cats; problem-for-children; problem-for-dogs; shade-garden; tropical-feel
P0,conflict_possible_false_safe,cat,AAA0742,Leucanthemum vulgare,0,toxic,https://plants.ces.ncsu.edu/plants/leucanthemum-vulgare/,butterfly-friendly; contact-dermatitis; cottage-garden; cutting-garden; deer-resistant; drought-tolerant; dry-soils-tolerant; full-sun; long-lasting-flowers; naturalizes; nectar-plant; nighttime-garden; part-shade; perennial_1; pollinator-plant; problem-for-cats; problem-for-dogs; problem-for-horses; rabbit-resistant; showy-flowers; small-spaces; spring-interest; summer-flowers; weedy; white-flowers; wildflower
P0,conflict_possible_false_safe,dog,AAA0742,Leucanthemum vulgare,0,toxic,https://plants.ces.ncsu.edu/plants/leucanthemum-vulgare/,butterfly-friendly; contact-dermatitis; cottage-garden; cutting-garden; deer-resistant; drought-tolerant; dry-soils-tolerant; full-sun; long-lasting-flowers; naturalizes; nectar-plant; nighttime-garden; part-shade; perennial_1; pollinator-plant; problem-for-cats; problem-for-dogs; problem-for-horses; rabbit-resistant; showy-flowers; small-spaces; spring-interest; summer-flowers; weedy; white-flowers; wildflower
P0,conflict_possible_false_safe,cat,AAA0886,Nepeta cataria,0,toxic,https://plants.ces.ncsu.edu/plants/nepeta-cataria/,air-pollution-tolerant; bee-friendly; deer-resistant; drought-tolerant; dry-soil-intolerant; edible; edible-flowers; edible-leaves; fast-growing; fragrant-leaves; full-sun; herb-garden; herbaceous-perennial; larval-host-plant; lavender-flowers; low-maintenance; moths; nectar-plant-early-fall; nectar-plant-early-summer; nectar-plant-late-spring; nectar-plant-late-summer; nectar-plant-mid-summer; part-shade; perennial_1; pollinator-plant; problem-for-cats; purple-flowers; sensory-garden; shallow-soil-tolerant; weedy; white-flowers
P0,conflict_possible_false_safe,cat,AAA0926,Pachira aquatica,0,toxic,https://plants.ces.ncsu.edu/plants/pachira-aquatica/,broadleaf-evergreen; container; fast-growing; fragrant-flowers; houseplant; part-shade; shade-tolerant; spring-flowers; tree_1
P0,conflict_possible_false_safe,human,AAA1387,Tagetes erecta,0,toxic,https://plants.ces.ncsu.edu/plants/tagetes-erecta/,4h; deer-resistant; fairy-garden; fall-interest; fantz; fpp; fragrant-leaves; full-sun; gold; long-lasting-flowers; poisonous; red-brown; spring-interest; summer-flowers
P0,conflict_possible_false_safe,cat,AAA1438,Tropaeolum majus,0,toxic,https://plants.ces.ncsu.edu/plants/tropaeolum-majus/,4h; annual_1; child; children; deer-resistant; drought-tolerant; dry-soils-tolerant; early-care; early-childhood; easy-edibles; edible; edible-flowers; edible-garden; edible-seeds; edible-stems; fall-interest; full-sun; hummingbirds; part-shade; pink-flowers; pollinator-plant; preschool; problem-for-cats; problem-for-dogs; problem-for-horses; spring-interest; summer-flowers; white-flowers
P0,conflict_possible_false_safe,dog,AAA1438,Tropaeolum majus,0,toxic,https://plants.ces.ncsu.edu/plants/tropaeolum-majus/,4h; annual_1; child; children; deer-resistant; drought-tolerant; dry-soils-tolerant; early-care; early-childhood; easy-edibles; edible; edible-flowers; edible-garden; edible-seeds; edible-stems; fall-interest; full-sun; hummingbirds; part-shade; pink-flowers; pollinator-plant; preschool; problem-for-cats; problem-for-dogs; problem-for-horses; spring-interest; summer-flowers; white-flowers
P1,conflict_possible_overwarning,cat,AAA0296,Centaurea solstitialis,1,non_toxic,https://plants.ces.ncsu.edu/plants/centaurea-solstitialis/,acidic-soil-tolerant; aggressive; bracts; drought-tolerant; dry-soil-intolerant; fast-growing; groundcover; high-maintenance; non-toxic-for-cats; non-toxic-for-dogs; problem-for-horses; self-seeding_1; wavy-leaves; weedy; yellow-flowers
P1,conflict_possible_overwarning,dog,AAA0296,Centaurea solstitialis,1,non_toxic,https://plants.ces.ncsu.edu/plants/centaurea-solstitialis/,acidic-soil-tolerant; aggressive; bracts; drought-tolerant; dry-soil-intolerant; fast-growing; groundcover; high-maintenance; non-toxic-for-cats; non-toxic-for-dogs; problem-for-horses; self-seeding_1; wavy-leaves; weedy; yellow-flowers
P1,conflict_possible_overwarning,cat,AAA0481,Echinopsis oxygona,1,non_toxic,https://plants.ces.ncsu.edu/plants/echinopsis-oxygona/,cactus; container; deer-resistant; disease-resistant; drought-tolerant; dry-soils-tolerant; evergreen; fragrant-flowers; frost-tender; heat-tolerant; houseplant; insect-resistant; large-flowers; long-lived; mat-forming; non-toxic-for-cats; non-toxic-for-dogs; non-toxic-for-horses; pink-flowers; rabbit-resistant; rock-gardens; rocky-soils-tolerant; showy; showy-flowers; spines; succulent; white-flowers
P1,conflict_possible_overwarning,dog,AAA0481,Echinopsis oxygona,1,non_toxic,https://plants.ces.ncsu.edu/plants/echinopsis-oxygona/,cactus; container; deer-resistant; disease-resistant; drought-tolerant; dry-soils-tolerant; evergreen; fragrant-flowers; frost-tender; heat-tolerant; houseplant; insect-resistant; large-flowers; long-lived; mat-forming; non-toxic-for-cats; non-toxic-for-dogs; non-toxic-for-horses; pink-flowers; rabbit-resistant; rock-gardens; rocky-soils-tolerant; showy; showy-flowers; spines; succulent; white-flowers
P1,conflict_possible_overwarning,cat,AAA0529,Fatsia japonica,1,non_toxic,https://plants.ces.ncsu.edu/plants/fatsia-japonica/,acidic-soil-tolerant; black-fruits; broadleaf-evergreen; cpp; cutting-garden; drought-tolerant; dry-shade; evergreen; evergreen-shrub; fantz; flower-arrangements; heavy-shade-tolerant; hedge; houseplant; hs111; hs303; interiorscape; leathery-leaves; non-toxic-for-cats; non-toxic-for-dogs; non-toxic-for-horses; patio; salt-spray-tolerant; salt-tolerant; shade-garden; showy-fruits; tropical-feel; white-flowers
P1,conflict_possible_overwarning,dog,AAA0529,Fatsia japonica,1,non_toxic,https://plants.ces.ncsu.edu/plants/fatsia-japonica/,acidic-soil-tolerant; black-fruits; broadleaf-evergreen; cpp; cutting-garden; drought-tolerant; dry-shade; evergreen; evergreen-shrub; fantz; flower-arrangements; heavy-shade-tolerant; hedge; houseplant; hs111; hs303; interiorscape; leathery-leaves; non-toxic-for-cats; non-toxic-for-dogs; non-toxic-for-horses; patio; salt-spray-tolerant; salt-tolerant; shade-garden; showy-fruits; tropical-feel; white-flowers
P1,conflict_possible_overwarning,dog,AAA0615,Hemerocallis minor,1,non_toxic,https://plants.ces.ncsu.edu/plants/hemerocallis-minor/,border-front; clumping; easy-to-grow; easy-to-transplant; groundcover; herbaceous-perennial; mass-planting; naturalized-area; non-toxic-for-dogs; non-toxic-for-horses; perennial_1; problem-for-cats; rock-gardens; showy-flowers; slopes; spring-flowers; yellow-flowers
P1,conflict_possible_overwarning,cat,AAA0629,Hibiscus syriacus,1,non_toxic,https://plants.ces.ncsu.edu/plants/hibiscus-syriacus/,aggressive; air-pollution-tolerant; bee-friendly; butterfly-friendly; childrens-garden; cpp; deciduous; dragonflies; drought-tolerant; fantz; fast-growing; fpp; heat-tolerant; hedge; hs303; hummingbirds; landscape-plant-sleuths-course; ncemgva2018; nectar-plant; non-toxic-for-cats; non-toxic-for-dogs; non-toxic-for-horses; play; pollinator-plant; salt-tolerant; small-tree; specialized-bees; tsc; tsc-s; weedy; wet-soils-tolerant; wildlife-friendly
P1,conflict_possible_overwarning,dog,AAA0629,Hibiscus syriacus,2,non_toxic,https://plants.ces.ncsu.edu/plants/hibiscus-syriacus/,aggressive; air-pollution-tolerant; bee-friendly; butterfly-friendly; childrens-garden; cpp; deciduous; dragonflies; drought-tolerant; fantz; fast-growing; fpp; heat-tolerant; hedge; hs303; hummingbirds; landscape-plant-sleuths-course; ncemgva2018; nectar-plant; non-toxic-for-cats; non-toxic-for-dogs; non-toxic-for-horses; play; pollinator-plant; salt-tolerant; small-tree; specialized-bees; tsc; tsc-s; weedy; wet-soils-tolerant; wildlife-friendly
P1,conflict_possible_overwarning,dog,AAA0762,Lilium lancifolium,1,non_toxic,https://plants.ces.ncsu.edu/plants/lilium-lancifolium/,aggressive; bulbils; large-flowers; non-toxic-for-dogs; non-toxic-for-horses; orange-flowers; problem-for-cats; showy-flowers; weedy
P1,conflict_possible_overwarning,dog,AAA0763,Lilium longiflorum,1,non_toxic,https://plants.ces.ncsu.edu/plants/lilium-longiflorum/,bee-friendly; difficult-to-grow; early-fall-flowers; florist-plant; fragrant-flowers; large-flowers; late-summer-flowers; mass-planting; nectar-plant-early-fall; nectar-plant-late-summer; non-toxic-for-dogs; non-toxic-for-horses; pollinator-plant; problem-for-cats; showy-flowers; slopes; small-spaces; white-flowers; wildlife-friendly; woodland_1
P1,conflict_possible_overwarning,dog,AAA0767,Lilium speciosum,1,non_toxic,https://plants.ces.ncsu.edu/plants/lilium-speciosum/,bee-friendly; border; butterfly-friendly; container; edible-bulbs; fragrant-flowers; full-sun; mass-planting; non-toxic-for-dogs; non-toxic-for-horses; part-shade; pink-flowers; problem-for-cats; showy-flowers
P1,conflict_possible_overwarning,cat,AAA0858,Morus alba,1,non_toxic,https://plants.ces.ncsu.edu/plants/morus-alba/,4h; bird-friendly; branching; deciduous-tree; drought-tolerant; edible-fruits; edible-garden; fast-growing; fruit-tree; hs304; messy; non-toxic-for-cats; non-toxic-for-dogs; non-toxic-for-horses; weedy; wildlife-friendly
P1,conflict_possible_overwarning,dog,AAA0858,Morus alba,1,non_toxic,https://plants.ces.ncsu.edu/plants/morus-alba/,4h; bird-friendly; branching; deciduous-tree; drought-tolerant; edible-fruits; edible-garden; fast-growing; fruit-tree; hs304; messy; non-toxic-for-cats; non-toxic-for-dogs; non-toxic-for-horses; weedy; wildlife-friendly
P1,conflict_possible_overwarning,cat,AAA0864,Muscari armeniacum,1,non_toxic,https://plants.ces.ncsu.edu/plants/muscari-armeniacum/,black-walnut-toxicity-tolerant; border-front; borders; bulb; container; cutting-garden; deer-damage; drought-tolerant; ebh; ebh-g; fairy-garden; fantz; full-sun; hardy; hs302; mass-planting; moist-soil; non-toxic-for-cats; non-toxic-for-dogs; non-toxic-for-horses; part-shade; poor-soil-tolerant; purple-flowers; rock-gardens; showy-flowers; slow-growing; spring-flowering-bulbs; spring-flowers; spring-interest; walkway; weedy; woodland_1
P1,conflict_possible_overwarning,dog,AAA0864,Muscari armeniacum,1,non_toxic,https://plants.ces.ncsu.edu/plants/muscari-armeniacum/,black-walnut-toxicity-tolerant; border-front; borders; bulb; container; cutting-garden; deer-damage; drought-tolerant; ebh; ebh-g; fairy-garden; fantz; full-sun; hardy; hs302; mass-planting; moist-soil; non-toxic-for-cats; non-toxic-for-dogs; non-toxic-for-horses; part-shade; poor-soil-tolerant; purple-flowers; rock-gardens; showy-flowers; slow-growing; spring-flowering-bulbs; spring-flowers; spring-interest; walkway; weedy; woodland_1
P1,conflict_possible_overwarning,cat,AAA0912,Opuntia microdasys,1,non_toxic,https://plants.ces.ncsu.edu/plants/opuntia-microdasys/,accent; cactus; contact-dermatitis; container; desert-plant; drought-tolerant; dry-soils-tolerant; edible-fruits; full-sun; full-sun_1; groundcover; houseplant; low-humidity-tolerant; non-toxic-for-cats; non-toxic-for-dogs; perennial_1; purple-fruits; red-fruits; rock-gardens; shrub; spines; yellow-flowers
P1,conflict_possible_overwarning,dog,AAA0912,Opuntia microdasys,1,non_toxic,https://plants.ces.ncsu.edu/plants/opuntia-microdasys/,accent; cactus; contact-dermatitis; container; desert-plant; drought-tolerant; dry-soils-tolerant; edible-fruits; full-sun; full-sun_1; groundcover; houseplant; low-humidity-tolerant; non-toxic-for-cats; non-toxic-for-dogs; perennial_1; purple-fruits; red-fruits; rock-gardens; shrub; spines; yellow-flowers
P1,conflict_possible_overwarning,cat,AAA1036,Pittosporum tobira,1,non_toxic,https://plants.ces.ncsu.edu/plants/pittosporum-tobira/,4h; childrens-garden; coastal; container; cpp; deer-damage; drought-tolerant; evergreen; fantz; fragrant-flowers; heat-tolerant; hedge; hs111; hs304; interiorscape; non-toxic-for-cats; non-toxic-for-dogs; non-toxic-for-horses; patio; picturesque; play; salt-spray-tolerant; salt-tolerant; screen; showy-flowers; specimen; winter-interest
P1,conflict_possible_overwarning,dog,AAA1036,Pittosporum tobira,1,non_toxic,https://plants.ces.ncsu.edu/plants/pittosporum-tobira/,4h; childrens-garden; coastal; container; cpp; deer-damage; drought-tolerant; evergreen; fantz; fragrant-flowers; heat-tolerant; hedge; hs111; hs304; interiorscape; non-toxic-for-cats; non-toxic-for-dogs; non-toxic-for-horses; patio; picturesque; play; salt-spray-tolerant; salt-tolerant; screen; showy-flowers; specimen; winter-interest
P1,conflict_possible_overwarning,cat,AAA1281,Salvia officinalis,1,non_toxic,https://plants.ces.ncsu.edu/plants/salvia-officinalis/,4h; bee-friendly; borders; butterfly-friendly; deer-resistant; drought-tolerant; edible-garden; fragrant-leaves; hairy-leaves; hairy-stems; herb-garden; landscape-plant-sleuths-course; nectar-plant; non-toxic-for-cats; non-toxic-for-dogs; non-toxic-for-horses; perennial_1; rabbit-resistant; rock-gardens; sensory-garden; th-smell; th-sowing; th-taste; th-touch; th-wildlife; vegetable-garden; velvety; veriegated; vhfn; vhfn-h; wildlife-friendly
P1,conflict_possible_overwarning,cat,AAA1300,Satureja hortensis,1,non_toxic,https://plants.ces.ncsu.edu/plants/satureja-hortensis/,bushy; companion-plant; culinary; deer-resistant; edible-leaves; herb; herbaceous-perennial; non-toxic-for-cats; non-toxic-for-dogs; non-toxic-for-horses
P1,conflict_possible_overwarning,cat,AAA1367,Stephanotis floribunda,2,non_toxic,https://plants.ces.ncsu.edu/plants/stephanotis-floribunda/,climber; cutting-garden; evergreen; flower-arrangements; fragrant-flowers; houseplant; interiorscape; non-toxic-for-cats; non-toxic-for-dogs; non-toxic-for-horses; sweet-fragrance; vine
P1,conflict_possible_overwarning,dog,AAA1367,Stephanotis floribunda,2,non_toxic,https://plants.ces.ncsu.edu/plants/stephanotis-floribunda/,climber; cutting-garden; evergreen; flower-arrangements; fragrant-flowers; houseplant; interiorscape; non-toxic-for-cats; non-toxic-for-dogs; non-toxic-for-horses; sweet-fragrance; vine
P1,conflict_possible_overwarning,cat,AAA1412,Thymus vulgaris,1,non_toxic,https://plants.ces.ncsu.edu/plants/thymus-vulgaris/,4h; attractive-foliage; bee-friendly; border-front; borders; broadleaf-evergreen; butterfly-friendly; childrens-garden; container; cutting-garden; dried-arrangements; drought-tolerant; dry-soils-tolerant; ebh; ebh-vh; edible; edible-flowers; edible-fruits; edible-garden; edible-landscaping; edible-leaves; edible-shrub; fine-texture; fragrant-flowers; fragrant-leaves; full-sun; groundcover; herb-garden; herbaceous; herbaceous-perennial; intolerance-wet-soils; intolerant-shade; low-maintenance; moist-soil; naturalized-area; nectar-plant; non-toxic-for-cats; non-toxic-for-dogs; non-toxic-for-horses; perennial-flowers; perennial_1; play; pollinator-plant; purple-flowers; rock-gardens; rocky-soils-tolerant; salt-tolerant; sandy-soils-tolerant; showy-flowers; small-flowers; small-groups; small-shrub; spreading; spring-flowers; spring-interest; subshrub; summer-flowers; summer-interest; th-sight; th-sowing; th-taste; th-wildlife; vhfn; vhfn-h; walkway; well-drained-soil; white-flowers; wildlife-friendly; wilson-mg-plant-sale-2021; winter-garden; winter-interest; woody-perennial
P1,conflict_possible_overwarning,cat,AAA1428,Toxicodendron radicans,1,non_toxic,https://plants.ces.ncsu.edu/plants/toxicodendron-radicans/,bird-friendly; contact-dermatitis; cpp; deciduous; drought-tolerant; fall-interest; fast-growing; food-source-fall; high-maintenance; hs111; hs303; native-weed; nc-native; non-toxic-for-cats; non-toxic-for-dogs; non-toxic-for-horses; perennial-weed; poisonous; shelter; weedy; weedy-vine; wildlife-friendly
P1,conflict_possible_overwarning,dog,AAA1428,Toxicodendron radicans,1,non_toxic,https://plants.ces.ncsu.edu/plants/toxicodendron-radicans/,bird-friendly; contact-dermatitis; cpp; deciduous; drought-tolerant; fall-interest; fast-growing; food-source-fall; high-maintenance; hs111; hs303; native-weed; nc-native; non-toxic-for-cats; non-toxic-for-dogs; non-toxic-for-horses; perennial-weed; poisonous; shelter; weedy; weedy-vine; wildlife-friendly
P1,conflict_possible_overwarning,cat,AAA1429,Trachelospermum jasminoides,2,non_toxic,https://plants.ces.ncsu.edu/plants/trachelospermum-jasminoides/,arbor; bee-friendly; childrens-garden; container; cpp; deer-resistant; evergreen; fantz; fast-growing; fence; fragrant-flowers; hs304; leathery-leaves; nectar-plant-spring; non-toxic-for-cats; non-toxic-for-dogs; non-toxic-for-horses; play; pollinator-plant; salt-tolerant; trellis; vertical-spaces; wildlife-friendly
P1,conflict_possible_overwarning,dog,AAA1429,Trachelospermum jasminoides,2,non_toxic,https://plants.ces.ncsu.edu/plants/trachelospermum-jasminoides/,arbor; bee-friendly; childrens-garden; container; cpp; deer-resistant; evergreen; fantz; fast-growing; fence; fragrant-flowers; hs304; leathery-leaves; nectar-plant-spring; non-toxic-for-cats; non-toxic-for-dogs; non-toxic-for-horses; play; pollinator-plant; salt-tolerant; trellis; vertical-spaces; wildlife-friendly
P2,horse_toxic_source_only,horse,AAA0020,Acer rubrum,,toxic,https://plants.ces.ncsu.edu/plants/acer-rubrum/,4h; audubon; bee-friendly; bird-friendly; buffer; butterfly-friendly; childrens-garden; coastal; coastal-fac; colorful-leaves; compaction-tolerant; cpp; deciduous; deciduous-tree; drought-tolerant; edible-seeds; fall-interest; fast-growing; flood-tolerant; flowering-tree_1; food-source-hard-mast-fruit; food-source-herbage; food-source-nectar; food-source-pollen; food-source-spring; food-source-summer; fpp; full-sun; heat-tolerant; hs111; hs304; illustration; imperial-moth; landscape-plant-sleuths-course; larval-host-plant; low-flammability; mccarthy-memorial-garden; moist-soil; mountains; native-garden; native-tree; nc-native; nectar-plant; nectar-plant-early-spring; nectar-plant-late-winter; nighttime-garden; non-toxic-for-cats; non-toxic-for-dogs; part-shade; periodic-flooded-conditions-tolerant; piedmont; piedmont-mountains-fac; play; pollinator-plant; problem-for-horses; red-flowers; samaras; screen; shade-tree; small-and-large-mammals; small-mammals; specimen; spring-flowers; spring-fruits; spring-interest; summer-fruits; summer-interest; tsc; tsc-t; wet-soils-tolerant; wetland-margins; wildlife-friendly; winter-flowers; winter-garden; winter-interest; winter-wind-intolerant
P2,horse_toxic_source_only,horse,AAA0024,Achillea millefolium,,toxic,https://plants.ces.ncsu.edu/plants/achillea-millefolium/,bee-friendly; beneficial-insects; contact-dermatitis; cottage-garden; cutting-garden; deer-resistant; dye-plant; fantz; fragrant-leaves; full-sun; groundcovers-that-can-be-mowed; herb-garden; herbaceous-perennial; hs303; lawn-alternative; meadow; medicinal; naturalizes; ncemgva2018; nectar-plant; part-shade; pink-flowers; pollinator-plant; problem-for-cats; problem-for-dogs; problem-for-horses; rabbit-resistant; red-flowers; salt-tolerant; spring-interest; stormwater-demo-garden-orange-co; summer-flowers; weedy; white-flowers; wildflower; wildlife-friendly; yellow-flowers
P2,horse_toxic_source_only,horse,AAA0032,Adenium obesum,,toxic,https://plants.ces.ncsu.edu/plants/adenium-obesum/,bonsai; butterfly-friendly; container; drought-tolerant; dry-soils-tolerant; houseplant; hummingbirds; interiorscape; pink-flowers; poisonous; pollinator-plant; problem-for-cats; problem-for-dogs; problem-for-horses; red-flowers; showy-flowers; slow-growing; small-tree; specimen; succulent; summer-flowers; tropical-feel; winter-interest
P2,horse_toxic_source_only,horse,AAA0036,Aesculus flava,,toxic,https://plants.ces.ncsu.edu/plants/aesculus-flava/,acidic-soil-tolerant; audubon; bee-friendly; braham-arboretum; butterfly-friendly; coastal-facu; deciduous; deciduous-tree; deer-resistant; disease-resistant; early-summer-flowers; fall-interest; flowering-tree_1; flowers-mid-spring; food-source-hard-mast-fruit; food-source-nectar; food-source-pollen; food-source-summer; fruits-early-fall; full-sun; high-maintenance; hs304; hummingbirds; late-spring-flowers; loamy-soils-tolerant; low-flammability; moist-soil; mountains; native-garden; native-tree; nc-native; nectar-plant; neutral-ph; nuts; organic-soils; part-shade; piedmont; piedmont-mountains-facu; poisonous; pollinator-plant; problem-for-cats; problem-for-children; problem-for-dogs; problem-for-horses; red-flowers; sandy-soils-tolerant; shade-tree; showy-flowers; showy-fruits; showy-leaves; small-and-large-mammals; spring-flowers; spring-interest; squirrels; summer-fruits; summer-interest; well-drained-soil; wildlife-friendly; woodland_1; woody; yellow-flowers
P2,horse_toxic_source_only,horse,AAA0037,Aesculus glabra,,toxic,https://plants.ces.ncsu.edu/plants/aesculus-glabra/,butterfly-friendly; deciduous; fall-interest; messy; messy-fruits; nectar-plant; problem-for-cats; problem-for-dogs; problem-for-horses; shade-tree; showy-fruits; wildlife-friendly
P2,horse_toxic_source_only,horse,AAA0038,Aesculus pavia,,toxic,https://plants.ces.ncsu.edu/plants/aesculus-pavia/,bee-friendly; braham-arboretum; butterfly-friendly; collier-preserve-tn; cpp; deciduous; deer-resistant; fantz; flowering-tree_1; full-sun; hedge; highly-beneficial-coastal-plants; honey-bees; hs304; hummingbirds; messy; native-garden; native-tree; nc-native; nc-native-pollinator-plant; nectar-plant; nectar-plant-early-spring; nectar-plant-mid-spring; part-shade; poisonous; pollinator-plant; problem-for-cats; problem-for-dogs; problem-for-horses; rain-garden; riparian; shrub; small-mammals; small-tree; specimen; spring-interest; stream-banks; wet-soils-tolerant; wildlife-friendly; woodland_1
P2,horse_toxic_source_only,horse,AAA0039,Agarista populifolia,,toxic,https://plants.ces.ncsu.edu/plants/agarista-populifolia/,audubon; bee-friendly; bird-friendly; butterfly-friendly; coastal-facw; cover-plant-winter; deer-resistant; evergreen; fantz; food-source-fall; food-source-hard-mast-fruit; food-source-nectar; food-source-pollen; fragrant-flowers; hs304; native-garden; native-shrub; nc-native; nectar-plant; nesting-site; piedmont-mountains-obl; poisonous; pollinator-plant; problem-for-cats; problem-for-dogs; problem-for-horses; wildlife-friendly; year-round-interest
P2,horse_toxic_source_only,horse,AAA0066,Allium cepa,,toxic,https://plants.ces.ncsu.edu/plants/allium-cepa/,4h; black-walnut-toxicity-tolerant; child; children; cool-season-vegetable; deer-resistant; dye-plant; early-care; early-childhood; easy-edibles; edible; microgreens; preschool; problem-for-cats; problem-for-dogs; problem-for-horses; rabbit-resistant; th-smell; th-sowing; th-taste; th-touch; th-wildlife; vegetable; vegetable-garden; vhfn; vhfn-v
P2,horse_toxic_source_only,horse,AAA0071,Allium sativum,,toxic,https://plants.ces.ncsu.edu/plants/allium-sativum/,4h; black-walnut-toxicity-tolerant; bulb; child; children; contact-dermatitis; cool-season-vegetable; deer-resistant; early-care; early-childhood; easy-edibles; edible; edible-bulbs; edible-leaves; mass-planting; preschool; problem-for-cats; problem-for-dogs; problem-for-horses; tunicated-bulb
P2,horse_toxic_source_only,horse,AAA0072,Allium schoenoprasum,,toxic,https://plants.ces.ncsu.edu/plants/allium-schoenoprasum/,borders; bulb; childrens-garden; container; cool-season-vegetable; edible; edible-garden; fragrant-leaves; herb-garden; herbaceous-perennial; interiorscape; patio; play; problem-for-cats; problem-for-dogs; problem-for-horses; rock-gardens; small-spaces; th-smell; th-sowing; th-taste; th-wildlife; vegetable; vegetable-garden; wildlife-friendly
P2,horse_toxic_source_only,horse,AAA0089,Aloe vera,,toxic,https://plants.ces.ncsu.edu/plants/aloe-vera/,drought-tolerant; fleshy-leaves; herbaceous-perennial; houseplant; interiorscape; medicinal; orange-flowers; perennial_1; poisonous; problem-for-cats; problem-for-dogs; problem-for-horses; red-flowers; succulent; tropical-feel; tropical-perennial; yellow-flowers
P2,horse_toxic_source_only,horse,AAA0090,Aloysia citriodora,,toxic,https://plants.ces.ncsu.edu/plants/aloysia-citriodora/,container; edible-flowers; edible-garden; edible-leaves; fragrant-flowers; fragrant-leaves; full-sun; lavender; patio; problem-for-cats; problem-for-dogs; problem-for-horses; sensory-garden; summer-flowers; walkway
P2,horse_toxic_source_only,horse,AAA0097,Amaranthus retroflexus,,toxic,https://plants.ces.ncsu.edu/plants/amaranthus-retroflexus/,drought-tolerant; edible; edible-leaves; edible-seeds; nc-native; summer-annual-weed; warm-season-weed; weedy; wind-pollinated
P2,horse_toxic_source_only,horse,AAA0104,Ammi majus,,toxic,https://plants.ces.ncsu.edu/plants/ammi-majus/,annual_1; cottage-garden; cutting-garden; full-sun; groups; low-maintenance; moist-soil; naturalized-area; pollinator-garden; problem-for-cats; problem-for-dogs; problem-for-horses; seeds; spring-flowers; spring-interest; well-drained-soil; white-flowers
P2,horse_toxic_source_only,horse,AAA0142,Artemisia dracunculus,,toxic,https://plants.ces.ncsu.edu/plants/artemisia-dracunculus/,containers; drought-tolerant-garden; dry-soils-tolerant; edible-leaves; fragrant-leaves; full-sun; herbaceous-perennial; problem-for-cats; problem-for-dogs; problem-for-horses; rock-gardens; slopes; summer-flowers
P2,horse_toxic_source_only,horse,AAA0146,Asclepias incarnata,,toxic,https://plants.ces.ncsu.edu/plants/asclepias-incarnata/,accent; beneficial-insects; bog; borders; butterfly-friendly; collier-preserve-tn; cpp; deer-resistant; early-fall-flowers; early-summer-flowers; fiber-plant; hs303; late-spring-flowers; late-summer-flowers; low-maintenance; mid-summer-flowers; monarch-butterfly; native-perennial; native-wildflower; nc-native; nc-wildflower-of-the-year; nectar-plant; pollinator-plant; purple-flowers; rabbit-resistant; rain-garden; wet-soils-tolerant
P2,horse_toxic_source_only,horse,AAA0147,Asclepias tuberosa,,toxic,https://plants.ces.ncsu.edu/plants/asclepias-tuberosa/,bird-friendly; buncombe-county-sun-and-shade-garden; butterfly; butterfly-friendly; container; cpp; deer-resistant; early-summer-flowers; fantz; fiber-plant; food-source-fall; food-source-herbage; food-source-nectar; food-source-pollen; full-sun; herbaceous-perennial; highly-beneficial-coastal-plants; honey-bees; hs111; hs302; hs303; larval-host-plant; late-spring-flowers; meadow; medium-flammability; mid-summer-flowers; monarch-butterfly; moth-friendly; moths; native-garden; native-perennial; native-wildflower; nc-native; nc-native-pollinator-plant; nectar-plant-early-summer; nectar-plant-late-spring; nectar-plant-late-summer; nectar-plant-mid-summer; nighttime-garden; orange-flowers; part-shade; pollinator-plant; problem-for-cats; problem-for-dogs; problem-for-horses; rabbit-resistant; red-flowers; roadside; salt-tolerant; spring-interest; stormwater-demo-garden-orange-co; summer-flowers; wildflower; wildlife-friendly; wilson-mg-plant-sale-2021; yellow-flowers
P2,horse_toxic_source_only,horse,AAA0183,Begonia grandis,,toxic,https://plants.ces.ncsu.edu/plants/begonia-grandis/,4h; black-walnut-toxicity-tolerant; border-front; borders; clumping; contact-dermatitis; early-fall-flowers; fall-interest; hardy; heavy-shade-tolerant; herbaceous-perennial; late-summer-flowers; mid-summer-flowers; naturalizes; part-shade; pink-flowers; pollinator-plant; problem-for-cats; problem-for-children; problem-for-dogs; problem-for-horses; self-seeding_1; shade-border; shade-garden; showy-flowers; small-spaces; summer-flowers; tuberous; walkway; wildlife-friendly; woodland_1
P2,horse_toxic_source_only,horse,AAA0198,Borago officinalis,,toxic,https://plants.ces.ncsu.edu/plants/borago-officinalis/,annual_1; bee-friendly; blue-flowers; contact-dermatitis; deer-resistant; drought-tolerant; full-sun; microgreens; pollinator-plant; poor-soil-tolerant; problem-for-cats; problem-for-dogs; problem-for-horses; th-smell; th-sowing; th-taste; th-touch; wildlife-friendly
P2,horse_toxic_source_only,horse,AAA0202,Brassica juncea,,toxic,https://plants.ces.ncsu.edu/plants/brassica-juncea/,4h; child; children; cover-crop; cover-crop-winter; early-care; early-childhood; easy-edibles; edible; edible-leaves; fall-flowers; fall-interest; fast-growing; fields; full-sun; microgreens; preschool; problem-for-horses; summer-flowers; vegetable; vegetable-garden; wildflower; yellow-flowers
P2,horse_toxic_source_only,horse,AAA0220,Buxus microphylla,,toxic,https://plants.ces.ncsu.edu/plants/buxus-microphylla/,4h; accent; bonsai; deer-resistant; dense-growth; drought-tolerant; edging; evergreen; formal; foundation-planting; fpp; hedge; hs304; landscape-plant-sleuths-course; leathery-leaves; problem-for-cats; problem-for-dogs; problem-for-horses; rabbit-resistant; shrub-border; slow-growing; small-groups; specimen; transplant; winter-interest
P2,horse_toxic_source_only,horse,AAA0221,Buxus sempervirens,,toxic,https://plants.ces.ncsu.edu/plants/buxus-sempervirens/,4h; contact-dermatitis; cpp; deer-resistant; drought-tolerant; evergreen; fantz; formal; fpp; hedge; hs304; landscape-plant-sleuths-course; malodorous; perennial_1; problem-for-cats; problem-for-dogs; problem-for-horses; rabbit-resistant; shrub; slow-growing; topiary; winter-interest; woody
P2,horse_toxic_source_only,horse,AAA0223,Caladium bicolor,,toxic,https://plants.ces.ncsu.edu/plants/caladium-bicolor/,accent; borders; bulb; colorful-leaves; container; cpp; fantz; heavy-shade-tolerant; houseplant; moist-soil; poisonous; problem-for-cats; problem-for-children; problem-for-dogs; problem-for-horses; showy-leaves; spadix; summer-bulbs; summer-flowers; tropical-feel; tuberous; veriegated
P2,horse_toxic_source_only,horse,AAA0278,Catharanthus roseus,,toxic,https://plants.ces.ncsu.edu/plants/catharanthus-roseus/,annual_1; borders; butterfly-friendly; container; cpp; deer-resistant; drought-tolerant; dry-soils-tolerant; fall-interest; fantz; fpp; full-sun; groundcover; herbaceous; hs111; hs303; part-shade; perennial_1; pink-flowers; poisonous; pollinator-plant; problem-for-cats; problem-for-dogs; problem-for-horses; purple; rabbit-resistant; salmon; self-seeding_1; spreading; spring-interest; summer-flowers; tough-plant; white-flowers; wilson-mg-plant-sale-2021
P2,horse_toxic_source_only,horse,AAA0289,Celastrus scandens,,toxic,https://plants.ces.ncsu.edu/plants/celastrus-scandens/,bird-friendly; clay-soils-tolerant; deciduous; dried-arrangements; dry-soils-tolerant; fall-color-yellow; fall-fruits; fall-interest; fast-growing; food-source-winter_1; fruits-winter; meadow; native-garden; nc-native; orange-fruits; problem-for-cats; problem-for-dogs; problem-for-horses; screen; showy-fruits; trellis; weedy; wildlife-friendly; winter-interest; woodland_1
P2,horse_toxic_source_only,horse,AAA0296,Centaurea solstitialis,,toxic,https://plants.ces.ncsu.edu/plants/centaurea-solstitialis/,acidic-soil-tolerant; aggressive; bracts; drought-tolerant; dry-soil-intolerant; fast-growing; groundcover; high-maintenance; non-toxic-for-cats; non-toxic-for-dogs; problem-for-horses; self-seeding_1; wavy-leaves; weedy; yellow-flowers
P2,horse_toxic_source_only,horse,AAA0298,Cephalanthus occidentalis,,toxic,https://plants.ces.ncsu.edu/plants/cephalanthus-occidentalis/,audubon; bee-friendly; bird-friendly; butterfly-friendly; coastal-fac; coastal-obl; compaction-tolerant; deciduous; deer-resistant; dendrology; ducks; eastern-tiger-swallowtail-butterfly; erosion-control; fall-flowers; fall-interest; food-source-hard-mast-fruit; food-source-nectar; food-source-pollen; food-source-soft-mast-fruit_1; fragrant-flowers; heat-tolerant; hs303; hummingbirds; landscape-plant-sleuths-course; late-summer-flowers; low-flammability; mammals; native-shrub; nc-native; nc-native-pollinator-plant; nc-wildflower-of-the-year; nectar-plant-early-summer; nectar-plant-late-summer; nectar-plant-mid-summer; piedmont-mountains-fac; piedmont-mountains-obl; pollinator-plant; pond; rain-garden; riparian; swallowtail-butterflies; swamps; tsc; tsc-s; water-garden; wet-soils-tolerant; wetland; white-flowers; wildlife-friendly; yellow-flowers
P2,horse_toxic_source_only,horse,AAA0313,Chamaemelum nobile,,toxic,https://plants.ces.ncsu.edu/plants/chamaemelum-nobile/,bee-friendly; borders; childrens-garden; contact-dermatitis; cottage-garden; daisy-like; dried-arrangements; easy-to-grow; edging; evergreen; fast-growing; fields; foot-traffic-low; fragrant-flowers; fragrant-leaves; full-sun; garden-walls; groundcover; herb-garden; herbaceous-perennial; part-shade; perennial_1; play; pollinator-plant; problem-for-cats; problem-for-dogs; problem-for-horses; tea; victorian-garden_1; white-flowers
P2,horse_toxic_source_only,horse,AAA0325,Chrysanthemum x morifolium,,toxic,https://plants.ces.ncsu.edu/plants/chrysanthemum-x-morifolium/,4h; accent; beds; bicolor; bronze; butterfly-friendly; colorful; compact; contact-dermatitis; container; cpp; cutting-garden; deer-resistant; division; fall-flowers; fall-interest; fantz; fast-growing; florist-plant; fpp; fragrant-leaves; full-sun; gold; herbaceous; herbaceous-perennial; hs111; hs303; lavender; nectar-plant-early-fall; nectar-plant-late-summer; nectar-plant-mid-fall; patio; perennial_1; pink-flowers; poisonous; pollinator-garden; pollinator-plant; problem-for-cats; problem-for-dogs; problem-for-horses; rabbit-resistant; showy-flowers; stormwater-demo-garden-orange-co; well-drained-soil; white-flowers; window-boxes
P2,horse_toxic_source_only,horse,AAA0337,Citrus x paradisi,,toxic,https://plants.ces.ncsu.edu/plants/citrus-x-paradisi/,4h; container; edible; edible-fruits; evergreen-tree; fragrant-flowers; fragrant-fruits; fragrant-leaves; frost-tender; full-sun_1; glossy-leaves; houseplant; intolerance-wet-soils; intolerant-shade; medicinal; problem-for-cats; problem-for-dogs; problem-for-horses; showy-flowers; showy-fruits; tropical-feel; white-flowers; yellow-fruits
P2,horse_toxic_source_only,horse,AAA0344,Clematis montana,,toxic,https://plants.ces.ncsu.edu/plants/clematis-montana/,alkaline-soil-tolerant; arbor; bee-friendly; blue-flowers; butterfly-friendly; climber; deciduous; deer-resistant; easy-to-grow; fence; fragrant-flowers; full-sun; hummingbirds; low-maintenance; neutral-ph; patio; pink-flowers; problem-for-cats; problem-for-dogs; problem-for-horses; purple-flowers; showy-flowers; showy-seedheads; spreading; twining; vine; walkway; white-flowers
P2,horse_toxic_source_only,horse,AAA0345,Clematis terniflora,,toxic,https://plants.ces.ncsu.edu/plants/clematis-terniflora/,aggressive; arbor; black-walnut-toxicity-tolerant; cream-flowers; deer-resistant; fall-flowers; fall-interest; fast-growing; fragrant-flowers; full-sun; high-maintenance; hs303; landscape-plant-sleuths-course; late-summer-flowers; part-shade; problem-for-cats; problem-for-dogs; problem-for-horses; self-seeding_1; showy-flowers; showy-seedheads; shrub; summer-flowers; vine; weedy; white-flowers
P2,horse_toxic_source_only,horse,AAA0346,Clematis virginiana,,toxic,https://plants.ces.ncsu.edu/plants/clematis-virginiana/,arbor; audubon; bird-friendly; black-walnut-toxicity-tolerant; coastal-fac; contact-dermatitis; deciduous; deer-resistant; easy-to-grow; fall-flowers; fall-interest; fast-growing; feathery; food-source-fall; food-source-hard-mast-fruit; food-source-herbage; fragrant-flowers; groundcover; hummingbirds; larval-host-plant; low-maintenance; native-garden; native-vine; nc-native; nc-native-pollinator-plant; nectar-plant; piedmont-mountains-fac; poisonous; problem-for-cats; problem-for-dogs; problem-for-horses; self-seeding_1; showy-flowers; trellis; weedy; white-flowers; wildlife-friendly
P2,horse_toxic_source_only,horse,AAA0347,Clematis viticella,,toxic,https://plants.ces.ncsu.edu/plants/clematis-viticella/,arbor; climber; contact-dermatitis; container; cottage-garden; deciduous; disease-resistant; easy-to-grow; english-garden; exotic-looking; fall-flowers; fall-interest; fast-growing; fence; full-sun; large-flowers; part-shade; pink-flowers; poisonous; problem-for-cats; problem-for-dogs; problem-for-horses; purple; purple-flowers; showy-flowers; summer-flowers; trellis; twining; vibrant; vine; woodland_1
P2,horse_toxic_source_only,horse,AAA0355,Colchicum autumnale,,toxic,https://plants.ces.ncsu.edu/plants/colchicum-autumnale/,borders; contact-dermatitis; drought-tolerant; poisonous; problem-for-cats; problem-for-dogs; problem-for-horses; showy-flowers
P2,horse_toxic_source_only,horse,AAA0357,Colocasia esculenta,,toxic,https://plants.ces.ncsu.edu/plants/colocasia-esculenta/,bulb; corms; deer-resistant; division; ebh; ebh-g; edible; full-sun; houseplant; hs303; interiorscape; landscape-plant-sleuths-course; large-leaves; part-shade; perennial_1; poisonous; problem-for-cats; problem-for-children; problem-for-dogs; problem-for-horses; rabbit-resistant; rain-garden; showy-leaves; spadix; th-sight; water-garden; wet-soils-tolerant
P2,horse_toxic_source_only,horse,AAA0361,Convallaria majalis,,toxic,https://plants.ces.ncsu.edu/plants/convallaria-majalis/,aggressive; bell-shaped-flowers; bulb; clay-soils-tolerant; contact-dermatitis; cutting-garden; deer-resistant; delicate-flowers; drought-tolerant; dry-soils-tolerant; early-summer-flowers; foundation-planting; fragrant-flowers; heavy-shade-tolerant; hs304; landscape-plant-sleuths-course; late-spring-flowers; mass-planting; naturalizes; part-shade; poisonous; problem-for-cats; problem-for-dogs; problem-for-horses; rabbit-resistant; rhizomes; rock-gardens; sensory-garden; showy-flowers; slopes; small-flowers; small-spaces; spring-flowering-bulbs; weedy; white-flowers; woodland_1
P2,horse_toxic_source_only,horse,AAA0380,Crassula arborescens,,toxic,https://plants.ces.ncsu.edu/plants/crassula-arborescens/,drought-tolerant; dry-soils-tolerant; fleshy-leaves; full-sun; gray-leaves; houseplant; part-shade; problem-for-cats; problem-for-dogs; problem-for-horses; showy-leaves; silver-leaves; th-touch
P2,horse_toxic_source_only,horse,AAA0381,Crassula ovata,,toxic,https://plants.ces.ncsu.edu/plants/crassula-ovata/,branching; broadleaf-evergreen; container; drought-tolerant; evergreen; fantz; houseplant; interiorscape; perennial_1; pink-flowers; problem-for-cats; problem-for-dogs; problem-for-horses; shrub; succulent; th-touch; tropical-feel
P2,horse_toxic_source_only,horse,AAA0382,Crassula perforata,,toxic,https://plants.ces.ncsu.edu/plants/crassula-perforata/,border; clumping; contact-dermatitis; container; deer-resistant; drought-tolerant; dry-soils-tolerant; erect; hanging-baskets; herbaceous-perennial; houseplant; patio; poisonous-if-ingested; problem-for-cats; problem-for-children; problem-for-dogs; problem-for-horses; prostrate; rock-gardens; succulent; th-touch; yellow-flowers
P2,horse_toxic_source_only,horse,AAA0404,Cyclamen persicum,,toxic,https://plants.ces.ncsu.edu/plants/cyclamen-persicum/,container; florist-plant; fragrant-flowers; heart-shaped-leaves; poisonous-root; problem-for-cats; problem-for-dogs; problem-for-horses; showy-flowers; summer-dormant; winter-interest
P2,horse_toxic_source_only,horse,AAA0407,Cymbopogon citratus,,toxic,https://plants.ces.ncsu.edu/plants/cymbopogon-citratus/,culinary; landscape-plant-sleuths-course; ornamental-grass; problem-for-cats; problem-for-dogs; problem-for-horses; wilson-mg-plant-sale-2021
P2,horse_toxic_source_only,horse,AAA0425,Datura stramonium,,toxic,https://plants.ces.ncsu.edu/plants/datura-stramonium/,contact-dermatitis; erect; fragrant-flowers; frost-tender; large-flowers; malodorous; moth-friendly; moths; multistemmed; night-blooming; pasture; poisonous; poisonous-if-ingested; poisonous-to-livestock; poisonous-to-pets; problem-for-cats; problem-for-children; problem-for-dogs; problem-for-horses; rapid-growth; showy-flowers; toxic-to-cattle; weedy; white-flowers
P2,horse_toxic_source_only,horse,AAA0426,Datura wrightii,,toxic,https://plants.ces.ncsu.edu/plants/datura-wrightii/,deer-resistant; fragrant-flowers; large-flowers; large-leaves; moth-friendly; moths; night-blooming; nighttime-garden; poisonous; problem-for-cats; problem-for-children; problem-for-dogs; problem-for-horses; toxic-to-cattle; weedy; white-flowers
P2,horse_toxic_source_only,horse,AAA0430,Delphinium elatum,,toxic,https://plants.ces.ncsu.edu/plants/delphinium-elatum/,container; cottage-garden; cutting-garden; deer-resistant; dried-arrangements; high-maintenance; intolerant-shade; poisonous; poisonous-if-ingested; problem-for-cats; problem-for-dogs; problem-for-horses; rabbit-resistant; self-seeding_1; short-lived; short-lived-perennial
P2,horse_toxic_source_only,horse,AAA0437,Dianthus barbatus,,toxic,https://plants.ces.ncsu.edu/plants/dianthus-barbatus/,annual-flowers; bee-friendly; bicolor; biennial; butterfly-friendly; colorful; cottage-garden; cutting-garden; dense-growth; fragrant-flowers; full-sun; heat-tolerant; hs302; humidity-tolerant; hummingbirds; loamy-soils-tolerant; moist-soil; neutral-ph; organic-soils; part-shade; pink-flowers; poisonous; pollinator-plant; problem-for-cats; problem-for-dogs; problem-for-horses; purple-flowers; rabbit-resistant; red-flowers; rounded; short-lived; showy-flowers; upright; well-drained-soil; white-flowers
P2,horse_toxic_source_only,horse,AAA0438,Dianthus caryophyllus,,toxic,https://plants.ces.ncsu.edu/plants/dianthus-caryophyllus/,borders; butterfly-friendly; colorful; container; cutting-garden; deciduous; deer-resistant; edible-flowers; fragrant-flowers; fringed-flowers; full-sun; herb-garden; herbaceous-perennial; hs302; medicinal; moth-friendly; moths; orange-flowers; organic-soils; part-shade; patio; perennial_1; pink-flowers; pollinator-plant; problem-for-cats; problem-for-dogs; problem-for-horses; purple-flowers; rabbit-resistant; red-flowers; showy-flowers; well-drained-soil; white-flowers; yellow-flowers
P2,horse_toxic_source_only,horse,AAA0439,Dianthus chinensis,,toxic,https://plants.ces.ncsu.edu/plants/dianthus-chinensis/,annual_1; asian-garden; bee-friendly; biennial; borders; butterfly-friendly; clay-soils-tolerant; clumping; container; cottage-garden; deer-resistant; drought-tolerant; dry-soils-tolerant; edging; fall-interest; fantz; fringed-flowers; full-sun; herb-garden; herbaceous-perennial; hs302; hummingbirds; low-growing; medicinal; mounding; neutral-ph; part-shade; pink-flowers; poisonous; problem-for-cats; problem-for-dogs; problem-for-horses; rabbit-resistant; sandy-soils-tolerant; small-spaces; spring-interest; summer-flowers; upright; well-drained-soil; white-flowers
P2,horse_toxic_source_only,horse,AAA0440,Dianthus deltoides,,toxic,https://plants.ces.ncsu.edu/plants/dianthus-deltoides/,alkaline-soil-tolerant; bicolor; biennial; border-front; borders; clumping; container; cottage-garden; deer-resistant; drought-tolerant; dry-soils-tolerant; easy-to-grow; edging; evergreen-groundcover; fragrant-flowers; fringed-flowers; garden-walls; groundcover; low-maintenance; mat-forming; mounding; patio; pink-flowers; poisonous; poor-soil-tolerant; problem-for-cats; problem-for-dogs; problem-for-horses; purple-flowers; rabbit-resistant; rock-gardens; rocky-soils-tolerant; sandy-soils-tolerant; self-seeding_1; short-lived; showy-flowers; slopes; small-spaces; spreading; spring-flowers; well-drained-soil
P2,horse_toxic_source_only,horse,AAA0441,Dianthus gratianopolitanus,,toxic,https://plants.ces.ncsu.edu/plants/dianthus-gratianopolitanus/,alkaline-soil-tolerant; bee-friendly; border-front; butterfly-friendly; clumping; container; cottage-garden; deer-resistant; dense-growth; drought-tolerant; dry-soils-tolerant; edging; fringed-flowers; garden-walls; grass-like; groundcover; herbaceous-perennial; hs304; humidity-tolerant; mat-forming; moth-friendly; moths; mounding; neutral-ph; poisonous; pollinator-plant; problem-for-cats; problem-for-dogs; problem-for-horses; rabbit-resistant; rock-gardens; salt-tolerant; sandy-soils-tolerant; slopes; small-spaces; spreading; well-drained-soil; winter-interest
P2,horse_toxic_source_only,horse,AAA0443,Dianthus plumarius,,toxic,https://plants.ces.ncsu.edu/plants/dianthus-plumarius/,alkaline-soil-tolerant; bicolor; border-front; butterfly-friendly; childrens-garden; clumping; compact; container; cottage-garden; deer-resistant; dry-soils-tolerant; edging; evergreen; fragrant-flowers; fringed-flowers; garden-walls; groundcover; hummingbirds; low-growing; mat-forming; mounding; organic-soils; pollinator-plant; poor-soil-tolerant; problem-for-cats; problem-for-dogs; problem-for-horses; rabbit-resistant; rock-gardens; sandy-soils-tolerant; self-seeding_1; spreading; well-drained-soil
P2,horse_toxic_source_only,horse,AAA0450,Dieffenbachia seguine,,toxic,https://plants.ces.ncsu.edu/plants/dieffenbachia-seguine/,4h; contact-dermatitis; container; cream-flowers; exotic-looking; fantz; fpp; houseplant; humidity-tolerant; interesting-leaves; interiorscape; large-leaves; perennial_1; poisonous-if-ingested; problem-for-cats; problem-for-children; problem-for-dogs; problem-for-horses; showy-leaves; spadix; tropical-feel; veriegated; white-flowers
P2,horse_toxic_source_only,horse,AAA0451,Digitalis purpurea,,toxic,https://plants.ces.ncsu.edu/plants/digitalis-purpurea/,annual_1; biennial; bumblebees; butterfly-friendly; deer-resistant; dye-plant; fantz; full-sun; hs304; hummingbirds; nectar-plant-spring; part-shade; perennial_1; pink-flowers; poisonous; pollinator-plant; problem-for-cats; problem-for-dogs; problem-for-horses; purple; spotted-leaves; spring-interest; summer-flowers; white-flowers; wildlife-friendly
P2,horse_toxic_source_only,horse,AAA0459,Dracaena fragrans,,toxic,https://plants.ces.ncsu.edu/plants/dracaena-fragrans/,air-pollution-tolerant; container; ebh; ebh-h; exotic-looking; fantz; fpp; fragrant-flowers; glossy-leaves; houseplant; hsc; hsc-f; interiorscape; low-light; poisonous-if-ingested; problem-for-cats; problem-for-children; problem-for-dogs; problem-for-horses; shade-garden; showy-leaves; slow-growing; striped-leaves; tropical; tropical-feel
P2,horse_toxic_source_only,horse,AAA0463,Dracaena trifasciata,,toxic,https://plants.ces.ncsu.edu/plants/dracaena-trifasciata/,4h; container; easy-to-grow; ebh-h; fantz; fiber-plant; houseplant; hsc; hsc-f; interesting-leaves; interiorscape; landscape-plant-sleuths-course; low-light; low-maintenance; poisonous-if-ingested; problem-for-cats; problem-for-children; problem-for-dogs; problem-for-horses; showy-leaves; th-touch; tropical-feel
P2,horse_toxic_source_only,horse,AAA0492,Epipremnum aureum,,toxic,https://plants.ces.ncsu.edu/plants/epipremnum-aureum/,bright-green; container; deer-resistant; easy-to-grow; ebh; ebh-h; evergreen; fantz; fpp; glossy-leaves; gold-leaves; green-leaves; hanging-baskets; heart-shaped-leaves; heavy-shade-tolerant; houseplant; hsc; hsc-f; interiorscape; low-maintenance; perennial_1; poisonous; problem-for-cats; problem-for-dogs; problem-for-horses; rabbit-resistant; shade-garden; showy-leaves; spadix; veriegated; vertical-spaces; white-leaves; yellow-leaves
P2,horse_toxic_source_only,horse,AAA0516,Euphorbia milii,,toxic,https://plants.ces.ncsu.edu/plants/euphorbia-milii/,contact-dermatitis; container; evergreen; fantz; flowering-shrub; full-sun; houseplant; poisonous; poisonous-berries; poisonous-if-ingested; problem-for-cats; problem-for-children; problem-for-dogs; spines; well-drained-soil
P2,horse_toxic_source_only,horse,AAA0519,Euphorbia pulcherrima,,toxic,https://plants.ces.ncsu.edu/plants/euphorbia-pulcherrima/,air-pollution-tolerant; christmas-decorations; colorful-bracts; contact-dermatitis; container; deciduous; deciduous-shrub; deer-resistant; drought-tolerant; florist-plant; high-maintenance; interiorscape; milky-sap; part-shade; poisonous; poisonous-if-ingested; problem-for-cats; problem-for-children; problem-for-dogs; problem-for-horses; rabbit-resistant; showy-flowers; winter-flowers
P2,horse_toxic_source_only,horse,AAA0520,Euphorbia tirucalli,,toxic,https://plants.ces.ncsu.edu/plants/euphorbia-tirucalli/,contact-dermatitis; container; deer-resistant; drought-tolerant; dry-soils-tolerant; hedge; houseplant; poisonous; problem-for-cats; problem-for-children; problem-for-dogs; problem-for-horses; rabbit-resistant; rock-gardens; shrub; succulent; tropical-feel
P2,horse_toxic_source_only,horse,AAA0534,Ficus benjamina,,toxic,https://plants.ces.ncsu.edu/plants/ficus-benjamina/,bonsai; bright-light; container; ebh; ebh-h; fantz; fpp; hedge; houseplant; hsc; hsc-f; insect-problems; interiorscape; landscape-plant-sleuths-course; lenticles; low-light; problem-for-cats; problem-for-dogs; problem-for-horses; shiny-leaves; small-tree; specimen; tough-plant; tropical-feel
P2,horse_toxic_source_only,horse,AAA0535,Ficus carica,,toxic,https://plants.ces.ncsu.edu/plants/ficus-carica/,4h; acidic-soil-tolerant; attractive-foliage; child; children; contact-dermatitis; container; deciduous; deciduous-shrub; early-care; early-childhood; easy-edibles; ebh; ebh-fn; edible-shrub; fast-growing; figs; fruit-tree; full-sun; green-fruits; hs111; hs303; landscape-plant-sleuths-course; large-leaves; messy; messy-fruits; non-showy-flowers; part-shade; preschool; problem-for-cats; problem-for-dogs; problem-for-horses; rough-leaves; suckers; vhfn; vhfn-f; weedy
P2,horse_toxic_source_only,horse,AAA0536,Ficus elastica,,toxic,https://plants.ces.ncsu.edu/plants/ficus-elastica/,broadleaf-evergreen; evergreen; fantz; fpp; houseplant; interiorscape; ornamentals; problem-for-cats; problem-for-dogs; problem-for-horses; shrub; tree_1
P2,horse_toxic_source_only,horse,AAA0537,Ficus lyrata,,toxic,https://plants.ces.ncsu.edu/plants/ficus-lyrata/,acidic-soil-tolerant; broadleaf-evergreen; container; evergreen; fantz; houseplant; humidity-tolerant; intolerance-wet-soils; landscape-plant-sleuths-course; low-maintenance; patio; poisonous-if-ingested; problem-for-cats; problem-for-dogs; problem-for-horses; specimen; tropical-feel
P2,horse_toxic_source_only,horse,AAA0539,Ficus pumila,,toxic,https://plants.ces.ncsu.edu/plants/ficus-pumila/,apvg; apvg-vg; deer-resistant; drought-tolerant; evergreen; fantz; groundcover; houseplant; problem-for-cats; problem-for-dogs; problem-for-horses; salt-tolerant; vine
P2,horse_toxic_source_only,horse,AAA0564,Gardenia jasminoides,,toxic,https://plants.ces.ncsu.edu/plants/gardenia-jasminoides/,acidic-soil-tolerant; asian-garden; borders; childrens-garden; cpp; cutting-garden; deer-resistant; dense-growth; drought-tolerant; evergreen; fantz; florist-plant; food-source-fall; fpp; fragrant-flowers; glossy-leaves; hedge; high-maintenance; hs111; hs303; landscape-plant-sleuths-course; medicinal; moist-soil; orange-fruits; organic-soils; part-shade; patio; perennial_1; play; pollinator-plant; problem-for-cats; problem-for-dogs; problem-for-horses; rounded; showy-flowers; showy-fruits; shrub; tsc; tsc-s; walkway; well-drained-soil; white-flowers; wildlife-friendly; year-round-interest
P2,horse_toxic_source_only,horse,AAA0586,Glechoma hederacea,,toxic,https://plants.ces.ncsu.edu/plants/glechoma-hederacea/,aggressive; creeping; evergreen; fast-growing; high-maintenance; perennial-weed; spreading; weedy
P2,horse_toxic_source_only,horse,AAA0597,Gymnocladus chinensis,,toxic,https://plants.ces.ncsu.edu/plants/gymnocladus-chinensis/,deciduous; deciduous-tree; fall-color-yellow; fall-interest; full-sun; large-leaves; nitrogen-fixation; purple-leaves; shade-tree; slow-growing; small-spaces; small-tree
P2,horse_toxic_source_only,horse,AAA0602,Hedera helix,,toxic,https://plants.ces.ncsu.edu/plants/hedera-helix/,4h; aggressive; apvg; apvg-vg; contact-dermatitis; cpp; deer-damage; dense-growth; drought-tolerant; evergreen; evergreen-vine; fantz; fpp; glossy-leaves; high-maintenance; houseplant; hs111; hs303; invasive; landscape-plant-sleuths-course; perennial-weed; poisonous; problem-for-cats; problem-for-dogs; problem-for-horses; th-smell; th-wildlife
P2,horse_toxic_source_only,horse,AAA0609,Heliotropium arborescens,,toxic,https://plants.ces.ncsu.edu/plants/heliotropium-arborescens/,deer-resistant; florist-plant; fragrant-flowers; full-sun; part-shade; perennial_1; poisonous; problem-for-horses; purple; spreading; summer-flowers; tender-perennial; tropical-feel; well-drained-soil
P2,horse_toxic_source_only,horse,AAA0610,Helleborus niger,,toxic,https://plants.ces.ncsu.edu/plants/helleborus-niger/,alkaline-soil-tolerant; border-front; broadleaf-evergreen; christmas-decorations; contact-dermatitis; container; cottage-garden; cutting-garden; deer-resistant; drought-tolerant; dry-shade; early-spring-flowers; evergreen; fantz; florist-plant; hs302; late-winter-flowers; mass-planting; part-shade; patio; perennial_1; poisonous; problem-for-cats; problem-for-dogs; problem-for-horses; rabbit-resistant; shade-garden; shelter; walkway; well-drained-soil; winter-interest
P2,horse_toxic_source_only,horse,AAA0611,Helleborus orientalis,,toxic,https://plants.ces.ncsu.edu/plants/helleborus-orientalis/,air-pollution-tolerant; alkaline-soil-tolerant; border-front; broadleaf-evergreen; clumping; contact-dermatitis; container; deer-resistant; early-spring-flowers; fantz; fast-growing; fpp; groundcover; herbaceous-perennial; hs302; landscape-plant-sleuths-course; late-winter-flowers; long-lasting-flowers; low-maintenance; moist-soil; naturalized-area; naturalizes; part-shade; patio; perennial_1; pink-flowers; poisonous; poisonous-if-ingested; poor-soil-tolerant; problem-for-cats; problem-for-children; problem-for-dogs; problem-for-horses; purple-flowers; rabbit-resistant; shade-garden; shade-perennial; showy-flowers; small-spaces; spring-flowers; stormwater-demo-garden-orange-co; well-drained-soil; winter-interest
P2,horse_toxic_source_only,horse,AAA0636,Hosta plantaginea,,toxic,https://plants.ces.ncsu.edu/plants/hosta-plantaginea/,black-walnut-toxicity-tolerant; border-front; butterfly-friendly; butterfly-garden; cutting-garden; deer-damage; fpp; fragrant-flowers; heavy-shade-tolerant; herbaceous; herbaceous-perennial; hummingbirds; low-maintenance; mass-planting; nectar-plant-late-summer; nectar-plant-mid-summer; problem-for-cats; problem-for-dogs; problem-for-horses; rabbit-damage; rock-gardens; shade-garden; showy; showy-flowers; white-flowers; wildlife-friendly
P2,horse_toxic_source_only,horse,AAA0649,Hyacinthus orientalis,,toxic,https://plants.ces.ncsu.edu/plants/hyacinthus-orientalis/,4h; bulb; container; drought-tolerant; ebh; ebh-g; edging; fantz; florist-plant; flowers-mid-spring; fragrant-flowers; hs302; hs304; landscape-plant-sleuths-course; mass-planting; pink-flowers; poisonous; problem-for-cats; problem-for-dogs; problem-for-horses; purple; rock-gardens; sensory-garden; small-spaces; spring-flowering-bulbs; white-flowers
P2,horse_toxic_source_only,horse,AAA0651,Hydrangea arborescens,,toxic,https://plants.ces.ncsu.edu/plants/hydrangea-arborescens/,audubon; bee-friendly; bird-friendly; butterfly-friendly; clay-soils-tolerant; coastal-upl; colonizing; deciduous; fall-interest; food-source-fall; food-source-hard-mast-fruit; food-source-herbage; food-source-pollen; honey-bees; landscape-plant-sleuths-course; larval-host-plant; low-flammability; low-maintenance; moth-friendly; moths; native-garden; native-shrub; naturalizes; nc-native; nectar-plant; nectar-plant-early-summer; nectar-plant-late-spring; nectar-plant-mid-summer; neutral-ph; piedmont-mountains-facu; pollinator-plant; problem-for-cats; problem-for-dogs; problem-for-horses; rain-garden; rocky-soils-tolerant; salt-tolerant; shallow-soil-tolerant; slopes; stolon; suckers; tsc; tsc-s; wet-soils-tolerant; wildlife-friendly; woodland_1
P2,horse_toxic_source_only,horse,AAA0655,Hydrangea macrophylla,,toxic,https://plants.ces.ncsu.edu/plants/hydrangea-macrophylla/,acidic-soil-tolerant; alkaline-soil-tolerant; blue-flowers; coastal; cottage-garden; cpp; cutting-garden; dappled-shade; deciduous; deer-damage; dried-arrangements; fantz; fpp; heavy-shade-tolerant; hs111; hs303; landscape-plant-sleuths-course; moist-soil; mountains; ncemgva2018; nesting-site; part-shade; pink-flowers; poisonous; problem-for-cats; problem-for-children; problem-for-dogs; problem-for-horses; purple; purple-flowers; rounded; salt-tolerant; shade-garden; shade-shrub; showy-flowers; shrub; summer-flowers; tsc; tsc-s; well-drained-soil; white-flowers
P2,horse_toxic_source_only,horse,AAA0656,Hydrangea paniculata,,toxic,https://plants.ces.ncsu.edu/plants/hydrangea-paniculata/,air-pollution-tolerant; arching; asian-garden; border-back; borders; cascading; coarse; cottage-garden; cpp; cutting-garden; deciduous; deer-damage; dried-arrangements; fall-interest; full-sun; green-flowers; hedge; hs111; hs303; landscape-plant-sleuths-course; moist-soil; multistemmed; organic-soils; part-shade; pink-flowers; play; pollinator-plant; salt-tolerant; small-groups; small-tree; specimen; urban-conditions-tolerant; well-drained-soil; white-flowers; winter-wind-intolerant; woodland_1
P2,horse_toxic_source_only,horse,AAA0658,Hydrangea quercifolia,,toxic,https://plants.ces.ncsu.edu/plants/hydrangea-quercifolia/,bird-friendly; buncombe-county-sun-and-shade-garden; butterfly-friendly; childrens-garden; collier-preserve-tn; cpp; cutting-garden; deciduous; dried-arrangements; drought-tolerant; early-summer-flowers; edible-seeds; fall-flowers; fall-interest; fantz; food-source-fall; fpp; fragrant-flowers; hedge; hs111; hs303; landscape-plant-sleuths-course; late-spring-flowers; leathery-leaves; low-maintenance; mass-planting; mccarthy-memorial-garden; mixed-borders; nectar-plant; nighttime-garden; play; poisonous; poisonous-if-ingested; pollinator-plant; problem-for-cats; problem-for-dogs; rain-garden; showy-flowers; slow-growing; small-shrub; specimen; white-flowers; wildlife-friendly; winter-interest; woodland_1; year-round-interest
P2,horse_toxic_source_only,horse,AAA0659,Hydrangea serrata,,toxic,https://plants.ces.ncsu.edu/plants/hydrangea-serrata/,accent; acidic-soil-tolerant; borders; clay-soils-tolerant; clumping; coarse; container; cutting-garden; dappled-sunlight; deciduous; dried-arrangements; fantz; full-sun; interesting-flowers; layering; loamy-soils-tolerant; mass-planting; moist-soil; neutral-ph; organic-soils; part-shade; patio; pink-flowers; problem-for-cats; problem-for-dogs; problem-for-horses; rounded; sandy-soils-tolerant; showy-flowers; shrub; small-shrub; small-spaces; specimen; summer-flowers; well-drained-soil; white-flowers; woodland_1
P2,horse_toxic_source_only,horse,AAA0661,Hypericum perforatum,,toxic,https://plants.ces.ncsu.edu/plants/hypericum-perforatum/,childrens-garden; contact-dermatitis; dye-plant; fantz; high-maintenance; nectar-plant; play; pollinator-plant; problem-for-cats; problem-for-dogs; problem-for-horses; weedy; wildflower; yellow-flowers
P2,horse_toxic_source_only,horse,AAA0662,Hypochaeris radicata,,toxic,https://plants.ces.ncsu.edu/plants/hypochaeris-radicata/,edible; edible-garden; edible-leaves; edible-roots; fields; herbaceous; herbaceous-perennial; perennial_1; poor-soil-tolerant; problem-for-horses; self-seeding_1; weedy; wildflower; yellow-flowers
P2,horse_toxic_source_only,horse,AAA0664,Ilex aquifolium,,toxic,https://plants.ces.ncsu.edu/plants/ilex-aquifolium/,4h; air-pollution-tolerant; bee-friendly; bird-friendly; dioecious; evergreen; evergreen-shrub; evergreen-tree; fall-interest; foundation-planting; fragrant-flowers; glossy-leaves; heat-intolerant; hedge; humidity-intolerant; landscape-plant-sleuths-course; poisonous-berries; poisonous-if-ingested; pollinator-plant; problem-for-cats; problem-for-dogs; problem-for-horses; pyramidal; red-fruits; showy-fruits; specialized-bees; specimen; spines; spiny-leaves; thorns; wildlife-friendly; winter-interest
P2,horse_toxic_source_only,horse,AAA0668,Ilex opaca,,toxic,https://plants.ces.ncsu.edu/plants/ilex-opaca/,4h; alkaline-soil-intolerant; audubon; bee-friendly; bird-friendly; braham-arboretum; butterfly; butterfly-friendly; childrens-garden; christmas-decorations; coastal-fac; cover-plant-winter; cpp; evergreen; facu-piedmont-mountains; fantz; food-source-fall; food-source-herbage; food-source-nectar; food-source-pollen; food-source-soft-mast-fruit_1; food-source-winter_1; foundation-planting; fragrant-leaves; hedge; henrys-elfin-butterfly; high-flammability; highly-beneficial-coastal-plants; honey-bees; hs111; hs303; illustration; landscape-plant-sleuths-course; larval-host-plant; native-tree; nc-native; nectar-plant; nectar-plant-early-summer; nectar-plant-late-spring; nectar-plant-mid-spring; part-shade; play; poisonous; pollinator-plant; problem-for-cats; problem-for-dogs; problem-for-horses; rain-garden; red-fruits; salt-spray-tolerant; salt-tolerant; showy-fruits; slow-growing; specialized-bees; storm-damage-resistant; understory-shrub; understory-tree; wildlife-friendly; wind-tolerant; winter-interest; year-round-interest
P2,horse_toxic_source_only,horse,AAA0671,Illicium floridanum,,toxic,https://plants.ces.ncsu.edu/plants/illicium-floridanum/,brown; deer-resistant; erosion-control; evergreen; evergreen-shrub; fantz; fast-growing; fragrant-flowers; fragrant-leaves; glossy-leaves; green-fruits; heavy-shade-tolerant; hs111; hs304; large-shrub; low-maintenance; malodorous; naturalizes; poisonous; pollinator-plant; rain-garden; riparian; shade-garden; showy-fruits; shrub; small-tree; stormwater-demo-garden-orange-co; wet-soils-tolerant; winter-interest; yellow-fruits
P2,horse_toxic_source_only,horse,AAA0672,Illicium parviflorum,,toxic,https://plants.ces.ncsu.edu/plants/illicium-parviflorum/,acidic-soil-tolerant; alkaline-soil-tolerant; border-back; clay-soils-tolerant; cpp; dappled-shade; deer-resistant; disease-resistant; dry-soils-tolerant; easy-to-grow; evergreen; evergreen-shrub; fantz; foundation-planting; fragrant-leaves; hardy; heavy-shade-tolerant; hedge; hs304; loamy-soils-tolerant; moist-soil; naturalizes; part-shade; pest-resistant; poisonous; screen; shade-garden; shrub; wet-soils-tolerant; woodland_1; woody
P2,horse_toxic_source_only,horse,AAA0677,Ipomoea alba,,toxic,https://plants.ces.ncsu.edu/plants/ipomoea-alba/,container; deer-resistant; fall-interest; fragrant-flowers; interesting-flowers; large-flowers; long-bloom-time; low-maintenance; moth-friendly; moths; nectar-plant; nighttime-garden; nocturnal; patio; pollinator-plant; problem-for-cats; problem-for-dogs; problem-for-horses; self-seeding_1; showy-flowers; summer-flowers; tropical-vine; vine; white-flowers; wildlife-friendly
P2,horse_toxic_source_only,horse,AAA0680,Ipomoea coccinea,,toxic,https://plants.ces.ncsu.edu/plants/ipomoea-coccinea/,audubon; bird-friendly; butterfly-friendly; coastal-fac; facu-piedmont-mountains; food-source-fall; food-source-hard-mast-fruit; food-source-nectar; food-source-winter_1; hummingbirds; nectar-plant-early-fall; nectar-plant-late-summer; nectar-plant-mid-fall; pollinator-plant; problem-for-cats; problem-for-dogs; problem-for-horses; stream-banks; thicket; vine; wildlife-friendly
P2,horse_toxic_source_only,horse,AAA0681,Ipomoea purpurea,,toxic,https://plants.ces.ncsu.edu/plants/ipomoea-purpurea/,deciduous; early-fall-flowers; late-summer-flowers; mid-summer-flowers; nectar-plant; pollinator-plant; problem-for-cats; problem-for-dogs; problem-for-horses; self-seeding_1; showy-flowers; specialized-bees; twining; weedy; wildlife-friendly
P2,horse_toxic_source_only,horse,AAA0682,Ipomoea tricolor,,toxic,https://plants.ces.ncsu.edu/plants/ipomoea-tricolor/,annual_1; arbor; blue-flowers; container; deer-resistant; fast-growing; full-sun; groundcover; heat-tolerant; high-maintenance; intolerance-wet-soils; landscape-plant-sleuths-course; poisonous; poor-soil-tolerant; problem-for-cats; problem-for-dogs; problem-for-horses; screen; self-seeding_1; showy-flowers; trellis; twining; urban-conditions-tolerant; vine; weedy
P2,horse_toxic_source_only,horse,AAA0684,Iris cristata,,toxic,https://plants.ces.ncsu.edu/plants/iris-cristata/,audubon; bee-friendly; butterfly-friendly; contact-dermatitis; cutting-garden; drought-tolerant; dry-shade; dry-soils-tolerant; flowers-mid-spring; food-source-herbage; food-source-nectar; food-source-pollen; food-source-summer; groundcover; herb-garden; hs302; hs304; large-flowers; late-spring-flowers; low-flammability; mammals; native-wildflower; naturalizes; nc-native; nc-native-pollinator-plant; part-shade; perennial_1; pink-flowers; poisonous; pollinator-plant; problem-for-cats; problem-for-dogs; problem-for-horses; showy-flowers; spring-flowers; spring-interest; wildflower; wildlife-friendly; woodland_1
P2,horse_toxic_source_only,horse,AAA0686,Iris ensata,,toxic,https://plants.ces.ncsu.edu/plants/iris-ensata/,contact-dermatitis; cutting-garden; deer-resistant; full-sun; hs302; hs304; mid-summer-flowers; ncemgva2018; part-shade; poisonous; pond; problem-for-cats; problem-for-dogs; problem-for-horses; showy-flowers; summer-flowers; water-garden; wet-soils-tolerant
P2,horse_toxic_source_only,horse,AAA0691,Iris pseudacorus,,toxic,https://plants.ces.ncsu.edu/plants/iris-pseudacorus/,aggressive; bog; clumping; contact-dermatitis; dye-plant; fast-growing; high-maintenance; hs302; invasive; naturalizes; problem-for-cats; problem-for-dogs; problem-for-horses; rhizomes; showy-flowers; weedy; wet-soils-tolerant; yellow-flowers
P2,horse_toxic_source_only,horse,AAA0692,Iris reticulata,,toxic,https://plants.ces.ncsu.edu/plants/iris-reticulata/,blue-flowers; border-front; bulb; contact-dermatitis; container; courtyard; deer-resistant; disease-resistant; drought-tolerant; dwarf; early-spring-flowers; ebh; ebh-g; fragrant-flowers; insect-resistant; lavender-flowers; mass-planting; naturalized-area; poisonous; pond-margins; problem-for-cats; problem-for-dogs; problem-for-horses; purple-flowers; rock-gardens; showy-flowers; small-spaces; spring-flowering-bulbs; stream-banks; walkway; winter-flowers; winter-interest; woodland_1
P2,horse_toxic_source_only,horse,AAA0694,Iris versicolor,,toxic,https://plants.ces.ncsu.edu/plants/iris-versicolor/,blue-flowers; blue-leaves; bog; borders; collier-preserve-tn; contact-dermatitis; cutting-garden; deer-resistant; early-summer-flowers; flood-tolerant; full-sun; hs304; large-flowers; low-maintenance; marshes; part-shade; pond; pond-margins; problem-for-cats; problem-for-dogs; problem-for-horses; purple-flowers; standing-water; swamps; water-garden; wet-soils-tolerant; wetland; wildflower
P2,horse_toxic_source_only,horse,AAA0698,Jacobaea maritima,,toxic,https://plants.ces.ncsu.edu/plants/jacobaea-maritima/,annual_1; beds; borders; container; drought-tolerant; edging; fantz; florist-plant; heavy-shade-tolerant; hs302; hs303; interesting-leaves; interiorscape; mixed-borders; problem-for-cats; problem-for-dogs; problem-for-horses; shade-annual
P2,horse_toxic_source_only,horse,AAA0731,Lantana camara,,toxic,https://plants.ces.ncsu.edu/plants/lantana-camara/,accent; aggressive; annual_1; apvg; apvg-a; butterfly-friendly; contact-dermatitis; container; cottage-garden; cpp; deciduous; deer-resistant; drought-tolerant; fast-growing; fpp; fragrant-leaves; full-sun; groundcover; hanging-baskets; heat-tolerant; hs111; hs303; hummingbirds; interiorscape; landscape-plant-sleuths-course; low-maintenance; medicinal; orange-flowers; perennial_1; pink-flowers; poisonous; pollinator-plant; poor-soil-tolerant; problem-for-cats; problem-for-children; problem-for-dogs; problem-for-horses; purple-flowers; salt-spray-tolerant; salt-tolerant; shrub; small-groups; summer-flowers; th-smell; toxic-to-cattle; tropical-feel; weedy
P2,horse_toxic_source_only,horse,AAA0732,Lantana montevidensis,,toxic,https://plants.ces.ncsu.edu/plants/lantana-montevidensis/,annual_1; bee-friendly; bird-friendly; butterfly-friendly; cascading-flowers; coastal; container; cottage-garden; creeping; dense-growth; drought-tolerant; dry-soils-tolerant; erosion-control; evergreen-shrub; frost-tender; full-sun; groundcover; lavender-flowers; mediterranean; pink-flowers; poisonous; poor-soil-tolerant; salt-tolerant; sandy-soils-tolerant; showy-flowers; slopes; sprawling; spreading; stream-banks; tender-perennial; trailing; tropical-feel; tropical-shrub; weeping; well-drained-soil; woody-shrub
P2,horse_toxic_source_only,horse,AAA0733,Laurus nobilis,,toxic,https://plants.ces.ncsu.edu/plants/laurus-nobilis/,container; edible-leaves; evergreen; evergreen-tree; fragrant-leaves; hedge; houseplant; interiorscape; leathery-leaves; low-flammability; patio; problem-for-cats; problem-for-dogs; problem-for-horses; screen; small-tree; th-taste; topiary; winter-interest; woodland_1
P2,horse_toxic_source_only,horse,AAA0734,Lavandula angustifolia,,toxic,https://plants.ces.ncsu.edu/plants/lavandula-angustifolia/,accent; buncombe-county-sun-and-shade-garden; butterfly-friendly; cpp; dried-arrangements; drought-tolerant; edible-garden; evergreen; fantz; fragrant-flowers; fragrant-leaves; full-sun; guilford-crevice-garden; herb-garden; herbaceous-perennial; hs111; hs303; lavender; lavender-flowers; pink-flowers; pollinator-plant; potpourri; problem-for-cats; problem-for-dogs; problem-for-horses; purple; showy-flowers; shrub; silver-leaves; summer-flowers; summer-interest; th-smell; th-taste; th-touch; th-wildlife; vhfn; vhfn-h; white-flowers
P2,horse_toxic_source_only,horse,AAA0742,Leucanthemum vulgare,,toxic,https://plants.ces.ncsu.edu/plants/leucanthemum-vulgare/,butterfly-friendly; contact-dermatitis; cottage-garden; cutting-garden; deer-resistant; drought-tolerant; dry-soils-tolerant; full-sun; long-lasting-flowers; naturalizes; nectar-plant; nighttime-garden; part-shade; perennial_1; pollinator-plant; problem-for-cats; problem-for-dogs; problem-for-horses; rabbit-resistant; showy-flowers; small-spaces; spring-interest; summer-flowers; weedy; white-flowers; wildflower
P2,horse_toxic_source_only,horse,AAA0745,Leucojum vernum,,toxic,https://plants.ces.ncsu.edu/plants/leucojum-vernum/,adaptable; black-walnut-toxicity-tolerant; borders; bulb; clay-soils-tolerant; clumping; deer-resistant; erect; fragrant-flowers; landscape-plant-sleuths-course; low-maintenance; perennial-bulb; poison-leaves; problem-for-cats; problem-for-children; problem-for-dogs; problem-for-horses; rabbit-resistant; spring-flowering-bulbs; summer-bulbs; white-flowers; woodland_1
P2,horse_toxic_source_only,horse,AAA0748,Leucothoe axillaris,,toxic,https://plants.ces.ncsu.edu/plants/leucothoe-axillaris/,audubon; bee-friendly; bumblebees; butterfly-friendly; coastal-facw; cover-plant-winter; deer-resistant; food-source-nectar; food-source-pollen; fragrant-flowers; hedge; high-flammability; low-flammability; native-shrub; nc-native; nc-native-pollinator-plant; piedmont-mountains-facw; pollinator-plant; problem-for-cats; problem-for-dogs; problem-for-horses; rain-garden; riparian; slopes; specimen; wildlife-friendly
P2,horse_toxic_source_only,horse,AAA0750,Levisticum officinale,,toxic,https://plants.ces.ncsu.edu/plants/levisticum-officinale/,culinary; edible; edible-flowers; edible-fruits; edible-leaves; edible-roots; herb; herb-garden; herbaceous-perennial; ornamentals; problem-for-cats; problem-for-dogs; problem-for-horses; rhizomatous
P2,horse_toxic_source_only,horse,AAA0775,Lobelia cardinalis,,toxic,https://plants.ces.ncsu.edu/plants/lobelia-cardinalis/,audubon; butterfly-friendly; coastal-facw; collier-preserve-tn; fall-interest; food-source-fall; food-source-hard-mast-fruit; food-source-nectar; food-source-pollen; hs302; hs303; hummingbirds; low-maintenance; medium-flammability; native-garden; native-wildflower; nc-native; nc-wildflower-of-the-year; nectar-plant-early-fall; nectar-plant-late-summer; nectar-plant-mid-fall; nectar-plant-mid-summer; perennial_1; piedmont-mountains-facw; poison-leaves; poisonous; pollinator-plant; problem-for-cats; problem-for-dogs; problem-for-horses; rain-garden; riparian; stormwater-demo-garden-orange-co; water-garden; wet-soils-tolerant; wetland; wildflower; wildlife-friendly
P2,horse_toxic_source_only,horse,AAA0793,Lyonia lucida,,toxic,https://plants.ces.ncsu.edu/plants/lyonia-lucida/,audubon; bee-friendly; bird-friendly; bog; butterfly-friendly; coastal-facw; cover-plant-winter; evergreen; flood-tolerant; food-source-fall; food-source-hard-mast-fruit; food-source-nectar; food-source-pollen; hedge; mammals; medium-flammability; native-bees; native-shrub; naturalizes; nc-native; nc-native-pollinator-plant; nectar-plant; nectar-plant-late-spring; nectar-plant-mid-spring; part-shade; piedmont-mountains-facw; pollinator-plant; pond-margins; problem-for-cats; problem-for-dogs; problem-for-horses; rain-garden; showy-fruits; specialized-bees; standing-water; wildlife-friendly
P2,horse_toxic_source_only,horse,AAA0833,Mentha spicata,,toxic,https://plants.ces.ncsu.edu/plants/mentha-spicata/,child; children; container; early-care; early-childhood; easy-edibles; flowering; fragrant-leaves; groundcovers-that-can-be-mowed; herb; herb-garden; herbaceous-perennial; preschool; problem-for-cats; problem-for-dogs; problem-for-horses; spreading; tea; th-smell; th-sowing; th-taste; th-touch; th-wildlife; vhfn; vhfn-h; weedy
P2,horse_toxic_source_only,horse,AAA0835,Mentha x piperita,,toxic,https://plants.ces.ncsu.edu/plants/mentha-x-piperita/,child; children; container; container-vegetable-garden; early-care; early-childhood; easy-edibles; edible; edible-flowers; edible-garden; fragrant-leaves; full-sun; groundcover; herb-garden; medicinal; part-shade; pink; pink-flowers; pollinator-plant; potpourri; preschool; problem-for-cats; problem-for-dogs; problem-for-horses; purple; purple-flowers; shade-tolerant-vegetable; small-spaces; spreading; summer-flowers; tea; th-smell; th-taste
P2,horse_toxic_source_only,horse,AAA0856,Monstera deliciosa,,toxic,https://plants.ces.ncsu.edu/plants/monstera-deliciosa/,container; dappled-shade; edible-fruits; epiphytic; fantz; green-leaves; houseplant; hsc; hsc-f; interiorscape; landscape-plant-sleuths-course; large-leaves; part-shade; perennial_1; poisonous; problem-for-cats; problem-for-dogs; problem-for-horses; showy-leaves; spadix; specimen; trellis; vertical-spaces; white-fruits
P2,horse_toxic_source_only,horse,AAA0872,Nandina domestica,,toxic,https://plants.ces.ncsu.edu/plants/nandina-domestica/,4h; aggressive; cpp; deer-resistant; disturbed-areas; drought-tolerant; evergreen; fall-interest; fantz; fast-growing; fpp; heavy-shade-tolerant; high-maintenance; hs111; hs303; invasive; landscape-plant-sleuths-course; naturalizes; poisonous; problem-for-cats; problem-for-dogs; problem-for-horses; salt-tolerant; showy-flowers; showy-fruits; showy-leaves; small-mammals; weedy; wildlife-friendly
P2,horse_toxic_source_only,horse,AAA0873,Narcissus cyclamineus,,toxic,https://plants.ces.ncsu.edu/plants/narcissus-cyclamineus/,beds; border-front; borders; container; deer-resistant; early-spring-flowers; fantz; flowers-mid-spring; hs302; lawns; naturalizes; problem-for-cats; problem-for-dogs; problem-for-horses; rabbit-resistant; rock-gardens; small-spaces; spring-flowering-bulbs; th-smell; th-wildlife; under-tree-planting; vigorous; yellow-flowers
P2,horse_toxic_source_only,horse,AAA0874,Narcissus jonquilla,,toxic,https://plants.ces.ncsu.edu/plants/narcissus-jonquilla/,bulb; deer-resistant; drought-tolerant; easy-to-grow; fantz; fragrant-flowers; herbaceous-perennial; hs302; low-maintenance; mass-planting; problem-for-cats; problem-for-dogs; problem-for-horses; rabbit-resistant; showy-flowers; th-smell; th-wildlife; yellow-flowers
P2,horse_toxic_source_only,horse,AAA0875,Narcissus poeticus,,toxic,https://plants.ces.ncsu.edu/plants/narcissus-poeticus/,beds; border-front; clumping; cutting-garden; fantz; flower-arrangements; fragrant-flowers; herbaceous; hs302; mass-planting; naturalizes; perennial-bulb; problem-for-cats; problem-for-dogs; problem-for-horses; showy-flowers; spring-flowering-bulbs; th-smell; th-wildlife; under-tree-planting; white-flowers
P2,horse_toxic_source_only,horse,AAA0876,Narcissus pseudonarcissus,,toxic,https://plants.ces.ncsu.edu/plants/narcissus-pseudonarcissus/,disease-resistant; drought-tolerant; fantz; fpp; heat-tolerant; hs302; pest-resistant; problem-for-cats; problem-for-dogs; problem-for-horses; showy-flowers; spring-interest; th-smell; th-wildlife; yellow-flowers
P2,horse_toxic_source_only,horse,AAA0877,Narcissus tazetta,,toxic,https://plants.ces.ncsu.edu/plants/narcissus-tazetta/,deer-resistant; disease-resistant; drought-tolerant; fantz; fragrant-flowers; heat-tolerant; hs302; pest-resistant; problem-for-cats; problem-for-dogs; problem-for-horses; rabbit-resistant; spring-flowers; spring-interest; th-smell; th-wildlife; white-flowers
P2,horse_toxic_source_only,horse,AAA0878,Narcissus triandrus,,toxic,https://plants.ces.ncsu.edu/plants/narcissus-triandrus/,beds; border-front; cutting-garden; deer-resistant; fantz; flower-arrangements; fragrant-flowers; hs302; low-maintenance; mass-planting; problem-for-cats; problem-for-dogs; problem-for-horses; rabbit-resistant; showy-flowers; th-smell; th-wildlife; under-tree-planting; white-flowers
P2,horse_toxic_source_only,horse,AAA0891,Nerium oleander,,toxic,https://plants.ces.ncsu.edu/plants/nerium-oleander/,air-pollution-tolerant; border-back; contact-dermatitis; container; cpp; deer-resistant; drought-tolerant; evergreen; fantz; foundation-planting; fragrant-flowers; heat-tolerant; hedge; houseplant; hs304; interiorscape; leathery-leaves; low-flammability; low-maintenance; orange-flowers; patio; pink-flowers; poisonous; poor-soil-tolerant; problem-for-cats; problem-for-dogs; problem-for-horses; purple; purple-flowers; salt-spray-tolerant; salt-tolerant; screen; showy-flowers; shrub; small-tree; tough-plant; urban-conditions-tolerant; wind-dispersed-seeds; wind-tolerant; yellow-flowers
P2,horse_toxic_source_only,horse,AAA0923,Oxalis corniculata,,toxic,https://plants.ces.ncsu.edu/plants/oxalis-corniculata/,annual_1; food-source-hard-mast-fruit; food-source-herbage; food-source-nectar; herbaceous-perennial; perennial_1; problem-for-cats; problem-for-dogs; problem-for-horses; weedy; wildflower
P2,horse_toxic_source_only,horse,AAA0924,Oxalis stricta,,toxic,https://plants.ces.ncsu.edu/plants/oxalis-stricta/,aggressive; cool-season-weed; disturbed-areas; edible; edible-weed; fast-growing; full-sun; heart-shaped-leaves; high-maintenance; meadow; native-weed; nc-native; part-shade; poor-soil-tolerant; problem-for-cats; problem-for-dogs; problem-for-horses; weedy; woodland_1
P2,horse_toxic_source_only,horse,AAA0925,Oxalis triangularis,,toxic,https://plants.ces.ncsu.edu/plants/oxalis-triangularis/,accent; full-sun; herbaceous-perennial; houseplant; hs302; hs303; interiorscape; part-shade; perennial_1; pink-flowers; poisonous; problem-for-cats; problem-for-dogs; problem-for-horses; purple-leaves; th-sight; veriegated; white-flowers
P2,horse_toxic_source_only,horse,AAA0948,Passiflora caerulea,,toxic,https://plants.ces.ncsu.edu/plants/passiflora-caerulea/,arbor; bee-friendly; butterfly-friendly; edible-fruits; fence; full-sun; herbaceous-perennial; hs303; larval-host-plant; nectar-plant-summer; perennial-vine; perennial_1; showy-flowers; trellis; unusual-flowers; vine
P2,horse_toxic_source_only,horse,AAA0950,Passiflora incarnata,,toxic,https://plants.ces.ncsu.edu/plants/passiflora-incarnata/,arbor; audubon; bee-friendly; bird-friendly; buncombe-county-sun-and-shade-garden; butterfly-friendly; childrens-garden; deciduous; deciduous-vine; deer-resistant; drought-tolerant; edible-fruits; fence; food-source-fall; food-source-herbage; food-source-nectar; food-source-pollen; food-source-summer; full-sun; gulf-fritillary-butterfly; heat-tolerant; high-flammability; hs303; hummingbirds; julia-butterfly; large-flowers; larval-host-plant; lavender; long-bloom-time; low-flammability; native-vine; nc-native; nc-native-pollinator-plant; nectar-plant; nectar-plant-early-summer; nectar-plant-late-spring; nectar-plant-mid-summer; perennial_1; play; pollinator-plant; red-banded-hairstreak-butterfly; showy-flowers; showy-fruits; spring-interest; summer-flowers; trellis; variegated-fritillary-butterfly; vine; white-flowers; wildflower; wildlife-friendly; zebra-longwing
P2,horse_toxic_source_only,horse,AAA0953,Pelargonium peltatum,,toxic,https://plants.ces.ncsu.edu/plants/pelargonium-peltatum/,fpp; problem-for-cats; problem-for-dogs; problem-for-horses
P2,horse_toxic_source_only,horse,AAA0975,Persea americana,,toxic,https://plants.ces.ncsu.edu/plants/persea-americana/,4h; edible-fruits; problem-for-horses; tropical-feel; tropical-tree
P2,horse_toxic_source_only,horse,AAA0978,Petroselinum crispum,,toxic,https://plants.ces.ncsu.edu/plants/petroselinum-crispum/,4h; childrens-garden; edible; fragrant-leaves; herb-garden; problem-for-cats; problem-for-dogs; problem-for-horses; sensory-garden; th-smell; th-taste; vegetable-garden; vhfn; vhfn-h; wilson-mg-plant-sale-2021
P2,horse_toxic_source_only,horse,AAA1016,Pieris japonica,,toxic,https://plants.ces.ncsu.edu/plants/pieris-japonica/,broadleaf-evergreen; cpp; evergreen; fantz; foundation-planting; fpp; fragrant-flowers; hs304; landscape-plant-sleuths-course; mass-planting; poisonous; poisonous-if-ingested; problem-for-cats; problem-for-children; problem-for-dogs; problem-for-horses; showy-flowers; showy-leaves; shrub-border; specimen
P2,horse_toxic_source_only,horse,AAA1028,Pinus ponderosa,,toxic,https://plants.ces.ncsu.edu/plants/pinus-ponderosa/,alkaline-soil-tolerant; cone; deer-resistant; drought-tolerant; evergreen; fragrant-leaves; imperial-moth; intolerance-wet-soils; intolerant-shade; landscape-plant-sleuths-course; larval-host-plant; low-flammability; needled-evergreen; needles; nighttime-garden; non-toxic-for-cats; non-toxic-for-dogs; problem-for-horses; wildlife-friendly; winter-interest; winter-wind-intolerant
P2,horse_toxic_source_only,horse,AAA1048,Podocarpus macrophyllus,,toxic,https://plants.ces.ncsu.edu/plants/podocarpus-macrophyllus/,bird-friendly; conifer; container; cpp; deer-resistant; drought-tolerant; dry-shade; dry-soils-tolerant; english-garden; evergreen; fantz; fragrant-leaves; hedge; houseplant; hs304; low-maintenance; problem-for-cats; problem-for-dogs; problem-for-horses; screen; shade-garden; small-tree; topiary; wildlife-friendly; winter-interest
P2,horse_toxic_source_only,horse,AAA1049,Podophyllum peltatum,,toxic,https://plants.ces.ncsu.edu/plants/podophyllum-peltatum/,acidic-soil-tolerant; audubon; coastal-facu; collier-preserve-tn; contact-dermatitis; deer-resistant; drought-tolerant; edible; edible-fruits; facu-piedmont-mountains; food-source-flowers; food-source-nectar; food-source-pollen; food-source-soft-mast-fruit_1; food-source-spring; food-source-summer; herbaceous-perennial; hs304; landscape-plant-sleuths-course; native-perennial; naturalized-area; nc-native; nc-native-pollinator-plant; part-shade; perennial_1; poisonous; problem-for-cats; problem-for-dogs; problem-for-horses; rabbit-resistant; shade-garden; showy-flowers; showy-fruits; spring-interest; white-flowers; wildflower
P2,horse_toxic_source_only,horse,AAA1060,Portulaca oleracea,,toxic,https://plants.ces.ncsu.edu/plants/portulaca-oleracea/,annual_1; container; container-vegetable-garden; culinary; drought-tolerant; dry-soils-tolerant; edible-garden; edible-leaves; edible-weed; fantz; full-sun; groundcover; heat-tolerant; problem-for-cats; problem-for-dogs; problem-for-horses; succulent; summer-annual-weed; vegetable; vegetable-garden; warm-season-weed; weedy
P2,horse_toxic_source_only,horse,AAA1066,Primula vulgaris,,toxic,https://plants.ces.ncsu.edu/plants/primula-vulgaris/,bog; border-front; contact-dermatitis; container; fragrant-flowers; hairy-leaves; hs302; part-shade; pond; problem-for-cats; problem-for-dogs; problem-for-horses; spring-flowers; stream-banks; th-smell; th-sowing; th-wildlife; woodland_1
P2,horse_toxic_source_only,horse,AAA1067,Prunus avium,,toxic,https://plants.ces.ncsu.edu/plants/prunus-avium/,4h; butterfly-friendly; eastern-tiger-swallowtail-butterfly; ebh; ebh-fn; edible; edible-fruits; frequent-disease-problems; frequent-insect-problems; fruit-tree; larval-host-plant; poisonous; pollinator-plant; problem-for-cats; problem-for-dogs; problem-for-horses; th-taste; th-wildlife; vhfn; vhfn-f; wildlife-friendly
P2,horse_toxic_source_only,horse,AAA1069,Prunus cerasus,,toxic,https://plants.ces.ncsu.edu/plants/prunus-cerasus/,butterfly-friendly; eastern-tiger-swallowtail-butterfly; frequent-disease-problems; frequent-insect-problems; high-maintenance; larval-host-plant; pollinator-plant; problem-for-cats; problem-for-dogs; problem-for-horses; spring-flowers; white-flowers; wildlife-friendly
P2,horse_toxic_source_only,horse,AAA1070,Prunus domestica,,toxic,https://plants.ces.ncsu.edu/plants/prunus-domestica/,4h; butterfly-friendly; deciduous; deciduous-tree; eastern-tiger-swallowtail-butterfly; edible-fruits; frequent-disease-problems; frequent-insect-problems; larval-host-plant; pollinator-plant; problem-for-cats; problem-for-dogs; problem-for-horses; white-flowers; wildlife-friendly
P2,horse_toxic_source_only,horse,AAA1071,Prunus glandulosa,,toxic,https://plants.ces.ncsu.edu/plants/prunus-glandulosa/,butterfly-friendly; deciduous; eastern-tiger-swallowtail-butterfly; larval-host-plant; pollinator-plant; problem-for-cats; problem-for-dogs; problem-for-horses; wildlife-friendly
P2,horse_toxic_source_only,horse,AAA1073,Prunus laurocerasus,,toxic,https://plants.ces.ncsu.edu/plants/prunus-laurocerasus/,aggressive; bird-friendly; butterfly-friendly; cpp; drupes; eastern-tiger-swallowtail-butterfly; evergreen; fantz; fast-growing; flowering-tree_1; fpp; fragrant-flowers; glossy-leaves; heavy-shade-tolerant; hedge; larval-host-plant; malodorous; mass-planting; pollinator-plant; problem-for-cats; problem-for-dogs; problem-for-horses; salt-tolerant; screen; shade-flowers; shade-garden; showy-flowers; small-tree; specimen; weedy; wildlife-friendly; woodland_1
P2,horse_toxic_source_only,horse,AAA1074,Prunus mume,,toxic,https://plants.ces.ncsu.edu/plants/prunus-mume/,butterfly-friendly; deciduous; drupes; eastern-tiger-swallowtail-butterfly; edible-fruits; fantz; fragrant-flowers; hs111; hs304; landscape-plant-sleuths-course; larval-host-plant; ornamentals; pollinator-plant; problem-for-cats; problem-for-dogs; problem-for-horses; showy-flowers; wildlife-friendly; winter-flowers; winter-interest
P2,horse_toxic_source_only,horse,AAA1075,Prunus persica,,toxic,https://plants.ces.ncsu.edu/plants/prunus-persica/,4h; accent; butterfly; deciduous; eastern-tiger-swallowtail-butterfly; ebh; ebh-fn; edible; edible-fruits; edible-garden; fantz; flowering-tree_1; frequent-insect-problems; fruit-tree; hs304; larval-host-plant; poisonous-seed; pollinator-plant; problem-for-cats; problem-for-dogs; problem-for-horses; showy-fruits; vhfn; vhfn-f; wildlife-friendly
P2,horse_toxic_source_only,horse,AAA1076,Prunus sargentii,,toxic,https://plants.ces.ncsu.edu/plants/prunus-sargentii/,butterfly-friendly; deciduous; dense-growth; eastern-tiger-swallowtail-butterfly; fall-color; flowering-tree_1; larval-host-plant; ornamental-tree; pollinator-plant; problem-for-cats; problem-for-dogs; problem-for-horses; rounded; shade-tree; wildlife-friendly
P2,horse_toxic_source_only,horse,AAA1077,Prunus serrulata,,toxic,https://plants.ces.ncsu.edu/plants/prunus-serrulata/,bird-friendly; butterfly-friendly; cpp; deciduous; deer-resistant; eastern-tiger-swallowtail-butterfly; fall-interest; fpp; hs111; interesting-bark; landscape-plant-sleuths-course; larval-host-plant; pink-flowers; pollinator-plant; problem-for-cats; problem-for-dogs; problem-for-horses; showstopper; showy-flowers; specimen; spring-flowers; spring-interest; vase-shaped; weak-wood; white-flowers; wildlife-friendly
P2,horse_toxic_source_only,horse,AAA1079,Prunus tomentosa,,toxic,https://plants.ces.ncsu.edu/plants/prunus-tomentosa/,butterfly-friendly; cold-tolerant; deciduous; deciduous-shrub; drought-tolerant; eastern-tiger-swallowtail-butterfly; edible-fruits; erosion-control; food-source-fall; food-source-soft-mast-fruit_1; heat-intolerant; hedge; larval-host-plant; low-maintenance; mass-planting; naturalizes; pollinator-plant; problem-for-cats; problem-for-dogs; problem-for-horses; screen; showy-fruits; shrub-border; wildlife-friendly; windbreak
P2,horse_toxic_source_only,horse,AAA1081,Prunus x yedoensis,,toxic,https://plants.ces.ncsu.edu/plants/prunus-x-yedoensis/,bird-friendly; butterfly-friendly; cpp; deciduous; early-spring-flowers; fall-interest; fantz; fast-growing; flowering-tree_1; food-source-summer; fragrant-flowers; heat-tolerant; high-maintenance; hs304; humidity-tolerant; larval-host-plant; problem-for-cats; problem-for-dogs; problem-for-horses; showy-flowers; small-tree; street-tree; white-flowers; wildlife-friendly; winter-interest
P2,horse_toxic_source_only,horse,AAA1089,Quercus alba,,toxic,https://plants.ces.ncsu.edu/plants/quercus-alba/,acorns; audubon; banded-hairstreak-butterfly; bears; bird-friendly; black-walnut-toxicity-tolerant; blue-jays; braham-arboretum; butterfly; butterfly-friendly; childrens-garden; clay-soils-tolerant; coastal-facu; cover-plant-winter; cpp; deer-resistant; drought-tolerant; dry-soils-tolerant; edible-fruits; edwards-hairstreak-butterfly; facu-piedmont-mountains; fall-color-red; fall-interest; fantz; food-source-fall; food-source-hard-mast-fruit; food-source-herbage; fpp; full-sun; gray-hairstreak-butterfly; heat-tolerant; horaces-duskywing-butterfly; hs111; hs303; imperial-moth; juvenals-duskywing-butterfly; landscape-plant-sleuths-course; larval-host-plant; low-flammability; moths; native-tree; nc-native; nectar-plant; nighttime-garden; part-shade; play; poisonous; pollinator-plant; problem-for-horses; rocky-soils-tolerant; shade-tree; small-mammals; spring-flowers; squirrels; tsc; tsc-t; turkey-friendly; white-m-hairstreak-butterfly; wildlife-friendly; winter-wind-intolerant; woodpeckers
P2,horse_toxic_source_only,horse,AAA1090,Quercus bicolor,,toxic,https://plants.ces.ncsu.edu/plants/quercus-bicolor/,acorns; audubon; banded-hairstreak-butterfly; bird-friendly; black-walnut-toxicity-tolerant; braham-arboretum; butterfly; butterfly-friendly; deciduous; deer-resistant; drought-tolerant; edwards-hairstreak-butterfly; fall-interest; food-source-fall; food-source-hard-mast-fruit; food-source-herbage; full-sun; gray-hairstreak-butterfly; horaces-duskywing-butterfly; hs303; imperial-moth; juvenals-duskywing-butterfly; landscape-plant-sleuths-course; larval-host-plant; low-flammability; mammals; moths; native-tree; nc-native; nighttime-garden; oak; pollinator-plant; problem-for-horses; rain-garden; shade-tree; showy-fruits; small-mammals; street-tree; wet-soils-tolerant; white-m-hairstreak-butterfly; wildlife-friendly
P2,horse_toxic_source_only,horse,AAA1091,Quercus coccinea,,toxic,https://plants.ces.ncsu.edu/plants/quercus-coccinea/,audubon; banded-hairstreak-butterfly; bears; bird-friendly; blue-jays; braham-arboretum; butterfly; butterfly-friendly; deciduous; deer-resistant; drought-tolerant; dry-soils-tolerant; edible; edible-fruits; edwards-hairstreak-butterfly; fall-color-red; fall-interest; fantz; food-source-fall; food-source-hard-mast-fruit; food-source-herbage; full-sun; gray-hairstreak-butterfly; heat-tolerant; horaces-duskywing-butterfly; hs303; imperial-moth; juvenals-duskywing-butterfly; landscape-plant-sleuths-course; larval-host-plant; low-flammability; moths; native-tree; nc-native; nighttime-garden; part-shade; poisonous; pollinator-plant; problem-for-horses; shade-tree; small-and-large-mammals; small-mammals; street-tree; white-m-hairstreak-butterfly; wild-turkeys; wildlife-friendly
P2,horse_toxic_source_only,horse,AAA1093,Quercus laurifolia,,toxic,https://plants.ces.ncsu.edu/plants/quercus-laurifolia/,audubon; banded-hairstreak-butterfly; bird-friendly; butterfly; butterfly-friendly; coastal-facw; edwards-hairstreak-butterfly; fast-growing; floodplain; flowering-tree_1; food-source-fall; food-source-hard-mast-fruit; food-source-herbage; fruits-early-fall; full-sun; gray-hairstreak-butterfly; horaces-duskywing-butterfly; imperial-moth; juvenals-duskywing-butterfly; larval-host-plant; mammals; moist-soil; moths; native-garden; native-tree; nc-native; nighttime-garden; part-shade; piedmont-mountains-facw; pollinator-plant; problem-for-horses; rain-garden; semi-evergreen; shade-tree; showy-flowers; showy-fruits; spring-flowers; spring-interest; swamps; weak-wood; well-drained-soil; white-m-hairstreak-butterfly; wildlife-friendly; winter-wind-intolerant
P2,horse_toxic_source_only,horse,AAA1094,Quercus lobata,,toxic,https://plants.ces.ncsu.edu/plants/quercus-lobata/,acorns; banded-hairstreak-butterfly; butterfly; butterfly-friendly; deciduous; deciduous-tree; edible-fruits; edwards-hairstreak-butterfly; food-source-hard-mast-fruit; gray-hairstreak-butterfly; horaces-duskywing-butterfly; imperial-moth; juvenals-duskywing-butterfly; large-tree; larval-host-plant; low-flammability; moths; nighttime-garden; pollinator-plant; problem-for-horses; shade-tree; small-mammals; white-m-hairstreak-butterfly; wildlife-friendly
P2,horse_toxic_source_only,horse,AAA1095,Quercus montana,,toxic,https://plants.ces.ncsu.edu/plants/quercus-montana/,acorns; audubon; banded-hairstreak-butterfly; bird-friendly; braham-arboretum; butterfly; butterfly-friendly; coastal-upl; deciduous; deciduous-tree; drought-tolerant; dry-soils-tolerant; edwards-hairstreak-butterfly; fall-color-red; fall-color-yellow; fall-interest; flowering-tree_1; food-source-fall; food-source-hard-mast-fruit; food-source-herbage; full-sun; gray-hairstreak-butterfly; heat-tolerant; horaces-duskywing-butterfly; imperial-moth; juvenals-duskywing-butterfly; larval-host-plant; mammals; moist-soil; moths; native-tree; nc-native; nighttime-garden; parks; part-shade; piednmont-mountains-upl; pollinator-plant; problem-for-horses; rocky-soils-tolerant; sandy-soils-tolerant; shade-tree; showy-flowers; showy-fruits; small-and-large-mammals; small-mammals; spring-flowers; spring-interest; well-drained-soil; white-m-hairstreak-butterfly; wildlife-friendly
P2,horse_toxic_source_only,horse,AAA1096,Quercus nigra,,toxic,https://plants.ces.ncsu.edu/plants/quercus-nigra/,acidic-soil-tolerant; acorns; audubon; banded-hairstreak-butterfly; bird-friendly; braham-arboretum; broadleaf-evergreen; butterfly; butterfly-friendly; childrens-garden; clay-soils-tolerant; coastal-fac; compaction-tolerant; cover-plant-winter; cpp; deciduous; deciduous-tree; deer-resistant; edible-fruits; edwards-hairstreak-butterfly; fall-color-bronze; fall-color-red; fall-color-yellow; fall-interest; fantz; fast-growing; flowering-tree_1; food-source-fall; food-source-hard-mast-fruit; food-source-herbage; fruits-early-fall; full-sun; gray-hairstreak-butterfly; horaces-duskywing-butterfly; hs111; hs303; imperial-moth; juvenals-duskywing-butterfly; landscape-plant-sleuths-course; larval-host-plant; low-flammability; mammals; moist-soil; moths; native-tree; nc-native; nighttime-garden; part-shade; piedmont-mountains-fac; play; pollinator-plant; problem-for-horses; rain-garden; salt-tolerant; sandy-soils-tolerant; shade-tree; showy-flowers; showy-fruits; showy-leaves; small-and-large-mammals; small-mammals; spring-flowers; spring-interest; street-tree; weak-wood; well-drained-soil; wet-soils-tolerant; white-m-hairstreak-butterfly; wildlife-friendly; winter-wind-intolerant; yellow-flowers
P2,horse_toxic_source_only,horse,AAA1097,Quercus palustris,,toxic,https://plants.ces.ncsu.edu/plants/quercus-palustris/,audubon; banded-hairstreak-butterfly; bird-friendly; butterfly; butterfly-friendly; coastal-facw; cpp; edwards-hairstreak-butterfly; fast-growing; food-source-fall; food-source-hard-mast-fruit; food-source-herbage; fpp; gray-hairstreak-butterfly; horaces-duskywing-butterfly; hs111; hs303; imperial-moth; juvenals-duskywing-butterfly; landscape-plant-sleuths-course; larval-host-plant; mammals; moths; nc-native; nighttime-garden; piedmont-mountains-facw; pollinator-plant; problem-for-horses; tsc; tsc-t; wet-soils-tolerant; white-m-hairstreak-butterfly; wildlife-friendly
P2,horse_toxic_source_only,horse,AAA1098,Quercus phellos,,toxic,https://plants.ces.ncsu.edu/plants/quercus-phellos/,acorns; air-pollution-tolerant; audubon; banded-hairstreak-butterfly; bears; bird-friendly; braham-arboretum; butterfly; butterfly-friendly; childrens-garden; coastal-facw; cover-plant-winter; cpp; deciduous; deer-resistant; ducks; edible-fruits; edwards-hairstreak-butterfly; fall-interest; food-source-fall; food-source-hard-mast-fruit; food-source-herbage; fpp; gray-hairstreak-butterfly; heat-tolerant; highly-beneficial-coastal-plants; horaces-duskywing-butterfly; hs111; hs303; imperial-moth; juvenals-duskywing-butterfly; landscape-plant-sleuths-course; larval-host-plant; low-maintenance; mammals; moths; native-tree; nc-native; nighttime-garden; piedmont-mountains-fac; play; pollinator-plant; pond-margins; problem-for-horses; quail; rain-garden; salt-tolerant; small-mammals; standing-water; street-tree; wet-soils-tolerant; white-m-hairstreak-butterfly; wild-turkeys; wildlife-friendly; winter-wind-intolerant; woodpeckers
P2,horse_toxic_source_only,horse,AAA1099,Quercus robur,,toxic,https://plants.ces.ncsu.edu/plants/quercus-robur/,acorns; banded-hairstreak-butterfly; butterfly; butterfly-friendly; deciduous; deciduous-tree; deer-resistant; dendrology; drought-tolerant; edwards-hairstreak-butterfly; food-source-fall; full-sun; furniture-wood; gray-hairstreak-butterfly; horaces-duskywing-butterfly; imperial-moth; juvenals-duskywing-butterfly; landscape-plant-sleuths-course; larval-host-plant; low-maintenance; moths; nighttime-garden; oak; owls; parks; pollinator-plant; predatory-insects; problem-for-horses; shade-tree; small-mammals; street-tree; white-m-hairstreak-butterfly; wildlife-friendly; woodland_1
P2,horse_toxic_source_only,horse,AAA1100,Quercus shumardii,,toxic,https://plants.ces.ncsu.edu/plants/quercus-shumardii/,air-pollution-tolerant; audubon; banded-hairstreak-butterfly; bird-friendly; butterfly; butterfly-friendly; coastal-fac; dry-soils-tolerant; edwards-hairstreak-butterfly; fall-interest; floodplain; food-source-fall; food-source-hard-mast-fruit; food-source-herbage; gray-hairstreak-butterfly; horaces-duskywing-butterfly; imperial-moth; juvenals-duskywing-butterfly; larval-host-plant; long-lived; low-maintenance; mammals; moths; native-tree; nc-native; nighttime-garden; parks; piedmont-mountains-fac; pollinator-plant; pond; problem-for-horses; rain-garden; riparian; shade-tree; storm-damage-resistant; white-m-hairstreak-butterfly; wildlife-friendly; wind-tolerant
P2,horse_toxic_source_only,horse,AAA1101,Quercus stellata,,toxic,https://plants.ces.ncsu.edu/plants/quercus-stellata/,acorns; audubon; banded-hairstreak-butterfly; bears; bird-friendly; blue-jays; braham-arboretum; butterfly; butterfly-friendly; coastal-upl; deciduous; deer-resistant; disease-resistant; drought-tolerant; edwards-hairstreak-butterfly; fantz; food-source-fall; food-source-hard-mast-fruit; food-source-herbage; full-sun; gray-hairstreak-butterfly; horaces-duskywing-butterfly; imperial-moth; juvenals-duskywing-butterfly; larval-host-plant; low-flammability; mammals; moths; native-tree; nc-native; nighttime-garden; oak; piedmont-mountains-upl; pollinator-plant; poor-soil-tolerant; problem-for-horses; shade-tree; shrub; small-mammals; white-m-hairstreak-butterfly; wild-turkeys; wildlife-friendly; woodpeckers
P2,horse_toxic_source_only,horse,AAA1102,Ranunculus acris,,toxic,https://plants.ces.ncsu.edu/plants/ranunculus-acris/,contact-dermatitis; perennial-weed; problem-for-cats; problem-for-dogs; problem-for-horses
P2,horse_toxic_source_only,horse,AAA1103,Ranunculus asiaticus,,toxic,https://plants.ces.ncsu.edu/plants/ranunculus-asiaticus/,annual-bulb; clay-soil-intolerant; contact-dermatitis; cut-flower; cutting-garden; florist-plant; flowering-bulb; flowers-spring; full-sun_1; heat-intolerant; herbaceous-bulb; herbaceous-perennial; problem-for-cats; problem-for-dogs; problem-for-horses
P2,horse_toxic_source_only,horse,AAA1104,Ranunculus ficaria,,toxic,https://plants.ces.ncsu.edu/plants/ranunculus-ficaria/,aggressive; bulbils; contact-dermatitis; fast-growing; fleshy-leaves; glossy-leaves; high-maintenance; naturalizes; problem-for-cats; problem-for-dogs; problem-for-horses; tuberous; weedy
P2,horse_toxic_source_only,horse,AAA1114,Rhododendron arborescens,,toxic,https://plants.ces.ncsu.edu/plants/rhododendron-arborescens/,audubon; bee-friendly; borders; butterfly-friendly; coastal-facw; deciduous; deer-damage; fall-color-orange; fall-color-purple; fall-color-red; fall-interest; food-source-fall; food-source-herbage; food-source-nectar; food-source-pollen; food-source-summer; fragrant-flowers; hummingbirds; larval-host-plant; mammals; native-bees; nc-native; nc-native-pollinator-plant; nectar-plant; piedmont-mountains-fac; poisonous; pollinator-plant; problem-for-cats; problem-for-dogs; problem-for-horses; rabbit-resistant; rain-garden; shade-garden; specialized-bees; wet-soils-tolerant; wildlife-friendly; woodland_1
P2,horse_toxic_source_only,horse,AAA1116,Rhododendron austrinum,,toxic,https://plants.ces.ncsu.edu/plants/rhododendron-austrinum/,bee-friendly; collier-preserve-tn; deciduous; deciduous-shrub; drought-tolerant; evergreen; fragrant-flowers; hs304; hummingbirds; low-maintenance; native-bees; nectar-plant; poisonous; problem-for-cats; problem-for-dogs; problem-for-horses; showy-flowers; specialized-bees; wildlife-friendly
P2,horse_toxic_source_only,horse,AAA1117,Rhododendron canescens,,toxic,https://plants.ces.ncsu.edu/plants/rhododendron-canescens/,audubon; bee-friendly; butterfly-friendly; coastal-facw; deciduous; deciduous-shrub; drought-tolerant; early-spring-flowers; fall-color-red; fall-interest; flowers-mid-spring; food-source-fall; food-source-herbage; food-source-nectar; food-source-pollen; fragrant-flowers; hedge; hummingbirds; intolerance-wet-soils; large-shrub; larval-host-plant; late-spring-flowers; leathery-leaves; mammals; mass-planting; multitrunked; native-bees; native-shrub; nc-native; nc-native-pollinator-plant; nectar-plant; piedmont-mountains-facw; poisonous; pollinator-plant; problem-for-cats; problem-for-dogs; problem-for-horses; rabbit-resistant; shrub-border; specialized-bees; velvety; walkway; wildlife-friendly
P2,horse_toxic_source_only,horse,AAA1118,Rhododendron catawbiense,,toxic,https://plants.ces.ncsu.edu/plants/rhododendron-catawbiense/,audubon; bee-friendly; butterfly-friendly; coastal-facu; cover-plant-winter; cpp; deciduous; deer-damage; evergreen; fantz; food-source-fall; food-source-herbage; food-source-nectar; food-source-pollen; food-source-summer; fpp; hedge; high-flammability; hs111; hs304; hummingbirds; larval-host-plant; lavender-flowers; leathery-leaves; low-flammability; mammals; mass-planting; native-bees; native-shrub; nc-native; nc-native-pollinator-plant; nectar-plant; nectar-plant-early-summer; nectar-plant-late-spring; nectar-plant-mid-spring; piedmont-mountains-facu; poisonous; pollinator-plant; problem-for-cats; problem-for-dogs; problem-for-horses; small-groups; specialized-bees; specimen; thicket; wildlife-friendly; winter-interest; woody
P2,horse_toxic_source_only,horse,AAA1120,Rhododendron minus,,toxic,https://plants.ces.ncsu.edu/plants/rhododendron-minus/,audubon; bee-friendly; borders; butterfly-friendly; compact; deciduous; evergreen; evergreen-shrub; flowers-mid-spring; food-source-fall; food-source-herbage; food-source-nectar; food-source-pollen; foundation-planting; fragrant-flowers; fragrant-leaves; heat-tolerant; hummingbirds; larval-host-plant; late-spring-flowers; leathery-leaves; mammals; mass-planting; moist-soil; moth-friendly; native-bees; native-garden; native-shrub; nc-native; nc-native-pollinator-plant; nectar-plant; poisonous; pollinator-plant; problem-for-cats; problem-for-dogs; problem-for-horses; specialized-bees; wet-soils-tolerant; wildlife-friendly; woodland_1
P2,horse_toxic_source_only,horse,AAA1121,Rhododendron ponticum,,toxic,https://plants.ces.ncsu.edu/plants/rhododendron-ponticum/,bee-friendly; bonsai; deciduous; deciduous-shrub; dwarf; evergreen-shrub; fantz; foundation-planting; intolerance-wet-soils; mass-planting; nectar-plant; part-shade; pink-flowers; poisonous; pollinator-plant; problem-for-cats; problem-for-dogs; problem-for-horses; red-flowers; showy-flowers; shrub-border; small-groups; specialized-bees; specimen; understory-shrub; white-flowers; wildlife-friendly; woodland_1
P2,horse_toxic_source_only,horse,AAA1122,Rhododendron schlippenbachii,,toxic,https://plants.ces.ncsu.edu/plants/rhododendron-schlippenbachii/,bee-friendly; container; deciduous; fragrant-flowers; naturalized-area; nectar-plant; poisonous; pollinator-plant; problem-for-cats; problem-for-dogs; problem-for-horses; rabbit-resistant; showy-flowers; specialized-bees; specimen; wildlife-friendly; woodland_1
P2,horse_toxic_source_only,horse,AAA1123,Rhododendron yakushimanum,,toxic,https://plants.ces.ncsu.edu/plants/rhododendron-yakushimanum/,asian-garden; bee-friendly; borders; compact; container; deciduous; deer-damage; early-summer-flowers; evergreen-shrub; fall-interest; hairy-leaves; hedge; late-spring-flowers; leathery-leaves; low-hedge; low-maintenance; naturalized-area; nectar-plant; pink-flowers; poisonous; pollinator-plant; problem-for-cats; problem-for-dogs; problem-for-horses; showy-flowers; shrub-border; slow-growing; specialized-bees; under-tree-planting; understory-shrub; velvety; wildlife-friendly; woodland_1; year-round-interest
P2,horse_toxic_source_only,horse,AAA1129,Ricinus communis,,toxic,https://plants.ces.ncsu.edu/plants/ricinus-communis/,annual_1; deer-resistant; drought-tolerant; fall-interest; foliage; full-sun; full-sun_1; herbaceous-perennial; landscape-plant-sleuths-course; large-shrub; poisonous; poisonous-seed; problem-for-cats; problem-for-children; problem-for-dogs; problem-for-horses; purple-leaves; shrub; skin-irritation; small-tree; summer-flowers; weedy
P2,horse_toxic_source_only,horse,AAA1130,Robinia hispida,,toxic,https://plants.ces.ncsu.edu/plants/robinia-hispida/,deciduous; hedge; native-shrub; native-tree; nc-native; nc-native-pollinator-plant; pink-berries; pink-flowers; prickles; problem-for-cats; problem-for-dogs; problem-for-horses; showy-flowers; spines; weedy
P2,horse_toxic_source_only,horse,AAA1258,Rumex crispus,,toxic,https://plants.ces.ncsu.edu/plants/rumex-crispus/,contact-dermatitis; perennial-weed; problem-for-cats; problem-for-dogs; problem-for-horses
P2,horse_toxic_source_only,horse,AAA1326,Senecio vulgaris,,toxic,https://plants.ces.ncsu.edu/plants/senecio-vulgaris/,caterpillars; clay-soils-tolerant; cool-season-weed; federal-noxious-weed-list; frost-tolerant; heat-intolerant; host-plant; intolerant-shade; larval-host-plant; moths; poisonous; poisonous-if-ingested; poor-soil-tolerant; problem-for-cats; problem-for-dogs; problem-for-horses; self-fertile; self-seeding_1; weedy; wind-dispersed-seeds; winter-annual; winter-annual-weed
P2,horse_toxic_source_only,horse,AAA1339,Solanum carolinense,,toxic,https://plants.ces.ncsu.edu/plants/solanum-carolinense/,erect; green-fruits; green-leaves; nc-native; perennial_1; poisonous-berries; poisonous-if-ingested; poisonous-to-livestock; prickles; problem-for-cats; problem-for-children; problem-for-dogs; problem-for-horses; purple-flowers; rhizomes; skin-irritation; spines; spreading; subshrub; taproot; toxic-to-cattle; weedy; white-flowers; wildflower; yellow-fruits
P2,horse_toxic_source_only,horse,AAA1341,Solanum lycopersicum,,toxic,https://plants.ces.ncsu.edu/plants/solanum-lycopersicum/,4h; annual_1; bee-friendly; beneficial-insects; child; children; container; container-vegetable-garden; early-care; early-childhood; easy-edibles; ebh; ebh-vh; edible-fruits; edible-garden; full-sun; poisonous; pollinator-plant; preschool; problem-for-cats; problem-for-dogs; problem-for-horses; red-fruits; showy-fruits; summer-annual; summer-flowers; th-smell; th-sowing; th-taste; th-touch; th-wildlife; vegetable; vegetable-garden; vhfn; vhfn-v; warm-season-vegetable; wilson-mg-plant-sale-2021; yellow-flowers
P2,horse_toxic_source_only,horse,AAA1342,Solanum melongena,,toxic,https://plants.ces.ncsu.edu/plants/solanum-melongena/,4h; acidic-soil-tolerant; bee-friendly; child; children; early-care; early-childhood; easy-edibles; edible-fruits; frost-tender; full-sun; hairy-leaves; heat-tolerant; pollinator-plant; preschool; problem-for-cats; problem-for-children; problem-for-dogs; problem-for-horses; purple-flowers; purple-fruits; vegetable-garden; warm-season-vegetable; wilson-mg-plant-sale-2021
P2,horse_toxic_source_only,horse,AAA1343,Solanum nigrum,,toxic,https://plants.ces.ncsu.edu/plants/solanum-nigrum/,annual_1; bird-friendly; black-fruits; coastal; dense-growth; drought-tolerant; erect; full-sun; herbaceous-perennial; intolerant-shade; low-maintenance; poisonous-berries; poisonous-if-ingested; pollinator-plant; problem-for-cats; problem-for-children; problem-for-dogs; problem-for-horses; shrub; weedy; white-flowers
P2,horse_toxic_source_only,horse,AAA1344,Solanum tuberosum,,toxic,https://plants.ces.ncsu.edu/plants/solanum-tuberosum/,4h; acidic-soil-tolerant; annual-vegetable; blue-flowers; container; container-vegetable-garden; ebh; ebh-vh; edible-garden; edible-roots; erect; full-sun; green-fruits; green-leaves; perennial_1; pink-flowers; poisonous; poisonous-berries; poisonous-if-ingested; pollinator-plant; problem-for-cats; problem-for-children; problem-for-dogs; problem-for-horses; purple-flowers; purple-fruits; small-spaces; sprawling; th-taste; th-wildlife; tuberous; vegetable; vegetable-garden; vhfn; vhfn-v; white-flowers; yellow-fruits
P2,horse_toxic_source_only,horse,AAA1372,Strelitzia nicolai,,toxic,https://plants.ces.ncsu.edu/plants/strelitzia-nicolai/,broadleaf-evergreen; contact-dermatitis; container; erect; exotic-looking; high-humidity; houseplant; interesting-flowers; interesting-leaves; large-leaves; low-maintenance; part-shade; perennial_1; problem-for-cats; problem-for-children; problem-for-dogs; problem-for-horses; tropical-evergreen; tropical-feel; warm-climates
P2,horse_toxic_source_only,horse,AAA1373,Strelitzia reginae,,toxic,https://plants.ces.ncsu.edu/plants/strelitzia-reginae/,container; cutting-garden; exotic-looking; houseplant; large-flowers; large-leaves; orange-flowers; part-shade; problem-for-cats; problem-for-dogs; problem-for-horses; rhizomes; showy-flowers; tropical-feel; unusual-flowers
P2,horse_toxic_source_only,horse,AAA1384,Syngonium podophyllum,,toxic,https://plants.ces.ncsu.edu/plants/syngonium-podophyllum/,container; evergreen; evergreen-vine; fantz; houseplant; humidity-tolerant; interiorscape; perennial_1; poisonous; problem-for-cats; problem-for-dogs; problem-for-horses; spadix; vine; warm-climates
P2,horse_toxic_source_only,horse,AAA1391,Tanacetum parthenium,,toxic,https://plants.ces.ncsu.edu/plants/tanacetum-parthenium/,bee-friendly; borders; butterfly-friendly; contact-dermatitis; container; cottage-garden; cutting-garden; deer-resistant; drought-tolerant; edible-garden; edible-landscaping; fragrant-leaves; hummingbirds; naturalizes; patio; problem-for-cats; problem-for-dogs; problem-for-horses; rock-gardens; self-seeding_1; summer-flowers; weedy
P2,horse_toxic_source_only,horse,AAA1393,Taxus baccata,,toxic,https://plants.ces.ncsu.edu/plants/taxus-baccata/,accent; bird-friendly; conifer; evergreen-shrub; evergreen-tree; foundation-planting; frost-tender; full-sun; heat-intolerant; hedge; landscape-plant-sleuths-course; low-maintenance; needled-evergreen; neutral-ph; non-flowering; part-shade; poison-leaves; poisonous; poisonous-berries; poisonous-if-ingested; problem-for-children; problem-for-horses; red-fruits; screen; showy-fruits; slopes; specimen; topiary; toxic-to-cattle; winter-interest; winter-wind-intolerant; woodland_1
P2,horse_toxic_source_only,horse,AAA1394,Taxus cuspidata,,toxic,https://plants.ces.ncsu.edu/plants/taxus-cuspidata/,conifer; dry-soils-tolerant; evergreen; fpp; frost-tolerant; hardy; intolerance-wet-soils; needled-evergreen; needles; poisonous; problem-for-cats; problem-for-dogs; problem-for-horses; rabbit-resistant; shade-garden; urban-conditions-tolerant; winter-interest
P2,horse_toxic_source_only,horse,AAA1395,Taxus x media,,toxic,https://plants.ces.ncsu.edu/plants/taxus-x-media/,bird-friendly; conifer; drought-tolerant; dry-soils-tolerant; evergreen; heat-intolerant; hs304; intolerance-wet-soils; poisonous; poisonous-berries; poisonous-if-ingested; poisonous-to-livestock; problem-for-cats; problem-for-dogs; problem-for-horses; rabbit-resistant; shade-garden; showy-fruits; urban-conditions-tolerant; winter-garden; winter-hardy; winter-interest
P2,horse_toxic_source_only,horse,AAA1430,Tradescantia fluminensis,,toxic,https://plants.ces.ncsu.edu/plants/tradescantia-fluminensis/,aggressive; cascading; container; creeping; evergreen; fantz; fast-growing; hanging-baskets; high-maintenance; houseplant; interiorscape; problem-for-cats; problem-for-dogs; problem-for-horses; showy-leaves; spreading; trailing; weedy; white-flowers
P2,horse_toxic_source_only,horse,AAA1438,Tropaeolum majus,,toxic,https://plants.ces.ncsu.edu/plants/tropaeolum-majus/,4h; annual_1; child; children; deer-resistant; drought-tolerant; dry-soils-tolerant; early-care; early-childhood; easy-edibles; edible; edible-flowers; edible-garden; edible-seeds; edible-stems; fall-interest; full-sun; hummingbirds; part-shade; pink-flowers; pollinator-plant; preschool; problem-for-cats; problem-for-dogs; problem-for-horses; spring-interest; summer-flowers; white-flowers
P2,horse_toxic_source_only,horse,AAA1445,Tulipa greigii,,toxic,https://plants.ces.ncsu.edu/plants/tulipa-greigii/,container; fantz; fpp; hs302; mass-planting; multicolored; problem-for-cats; problem-for-dogs; problem-for-horses; showy-flowers; spring-flowering-bulbs; th-smell; th-wildlife; veriegated
P2,horse_toxic_source_only,horse,AAA1446,Tulipa kaufmanniana,,toxic,https://plants.ces.ncsu.edu/plants/tulipa-kaufmanniana/,borders; fantz; fpp; hs302; mass-planting; multicolored; naturalized-area; problem-for-cats; problem-for-dogs; problem-for-horses; showy-flowers; showy-leaves; spring-flowering-bulbs; th-smell; th-wildlife; walkway
P2,horse_toxic_source_only,horse,AAA1503,Wisteria floribunda,,toxic,https://plants.ces.ncsu.edu/plants/wisteria-floribunda/,aggressive; deciduous-vine; deer-resistant; dry-soils-tolerant; fast-growing; fragrant-flowers; high-maintenance; hs304; intolerance-wet-soils; intolerant-shade; invasive; problem-for-cats; problem-for-dogs; problem-for-horses; purple-flowers; seed-pods; showy-flowers; shrub; thicket; twining; vine; water-dispersed-seeds; weedy; wet-soils-tolerant
P2,horse_toxic_source_only,horse,AAA1504,Wisteria sinensis,,toxic,https://plants.ces.ncsu.edu/plants/wisteria-sinensis/,aggressive; deciduous; deciduous-vine; deer-resistant; drought-tolerant; fantz; fast-growing; fragrant-flowers; high-maintenance; invasive; perennial-weed; pink-flowers; problem-for-cats; problem-for-dogs; problem-for-horses; purple-flowers; twining; vine; weedy; weedy-vine; white-flowers
P2,horse_toxic_source_only,horse,AAA1505,Xanthium strumarium,,toxic,https://plants.ces.ncsu.edu/plants/xanthium-strumarium/,aggressive; allelopathic; fast-growing; high-maintenance; poisonous; summer-annual; summer-annual-weed; warm-season-weed; weedy; wind-dispersed-seeds; wind-pollinated
P2,horse_toxic_source_only,horse,AAA1511,Zantedeschia aethiopica,,toxic,https://plants.ces.ncsu.edu/plants/zantedeschia-aethiopica/,bee-friendly; borders; clumping; container; cutting-garden; early-summer-flowers; fragrant-flowers; houseplant; interiorscape; large-flowers; marshes; mid-summer-flowers; moist-soil; perennial_1; poisonous; pollinator-plant; pond-margins; problem-for-cats; problem-for-dogs; problem-for-horses; rain-garden; rhizomatous; showy-flowers; spadix; wet-soils-tolerant; white-flowers
P2,review_current_unknown,cat,AAA0136,Arctotis stoechadifolia,,non_toxic,https://plants.ces.ncsu.edu/plants/arctotis-stoechadifolia/,annual_1; broadleaf; container; cutting-garden; drought-tolerant; dry-soils-tolerant; frost-tender; full-sun; heat-intolerant; humidity-intolerant; long-bloom-time; non-toxic-for-cats; non-toxic-for-dogs; non-toxic-for-horses; purple; rock-gardens; salt-spray-tolerant; salt-tolerant; violet; violet-flowers; yellow-flowers
P2,review_current_unknown,dog,AAA0136,Arctotis stoechadifolia,,non_toxic,https://plants.ces.ncsu.edu/plants/arctotis-stoechadifolia/,annual_1; broadleaf; container; cutting-garden; drought-tolerant; dry-soils-tolerant; frost-tender; full-sun; heat-intolerant; humidity-intolerant; long-bloom-time; non-toxic-for-cats; non-toxic-for-dogs; non-toxic-for-horses; purple; rock-gardens; salt-spray-tolerant; salt-tolerant; violet; violet-flowers; yellow-flowers
P2,review_current_unknown,cat,AAA0213,Browallia viscosa,,toxic,https://plants.ces.ncsu.edu/plants/browallia-viscosa/,annual-flowers; annual_1; blue-flowers; container; hanging-baskets; part-shade; summer-flowers
P2,review_current_unknown,dog,AAA0213,Browallia viscosa,,toxic,https://plants.ces.ncsu.edu/plants/browallia-viscosa/,annual-flowers; annual_1; blue-flowers; container; hanging-baskets; part-shade; summer-flowers
P2,review_current_unknown,cat,AAA0530,Felicia amelloides,,non_toxic,https://plants.ces.ncsu.edu/plants/felicia-amelloides/,annual_1; blue-flowers; bushy; daisy-like; groundcover; non-toxic-for-cats; non-toxic-for-dogs; non-toxic-for-horses; subshrub; tender-perennial
P2,review_current_unknown,dog,AAA0530,Felicia amelloides,,non_toxic,https://plants.ces.ncsu.edu/plants/felicia-amelloides/,annual_1; blue-flowers; bushy; daisy-like; groundcover; non-toxic-for-cats; non-toxic-for-dogs; non-toxic-for-horses; subshrub; tender-perennial
